achievementId,zones
33,114
34,117
35,115
36,121
37,116
38,120
39,119
40,118
41,"113, 114, 115, 116, 117, 118, 119, 120, 121"
42,"13, 14, 15, 17, 18, 21, 22, 23, 25, 26, 27, 32, 36, 37, 42, 47, 48, 49, 50, 51, 52, 56, 94, 95, 122, 210, 224"
43,"1, 7, 10, 12, 57, 62, 63, 64, 65, 66, 69, 70, 71, 76, 77, 78, 80, 81, 83, 97, 199"
44,"100, 101, 102, 104, 105, 107, 108, 109"
45,"113, 114, 115, 116, 117, 118, 119, 120, 121, 127"
46,"1, 7, 10, 12, 13, 14, 15, 17, 18, 21, 22, 23, 25, 26, 27, 32, 36, 37, 42, 47, 48, 49, 50, 51, 52, 56, 57, 62, 63, 64, 65, 66, 69, 70, 71, 76, 77, 78, 80, 81, 83, 94, 95, 97, 100, 101, 102, 104, 105, 107, 108, 109, 113, 114, 115, 116, 117, 118, 119, 120, 121, 122, 127, 198, 199, 201, 207, 210, 224, 241, 249, 371, 376, 379, 388, 390, 418, 422, 424, 525, 535, 539, 542, 543, 550, 572, 619, 630, 634, 641, 650, 680, 862, 863, 864, 875, 876, 895, 896, 942"
73,93
144,332
150,"84, 85"
154,93
155,93
156,93
157,93
158,93
159,93
161,93
162,93
165,93
166,92
167,92
168,92
199,92
200,92
201,92
202,92
203,92
204,92
206,92
207,92
208,112
209,112
211,112
212,112
213,112
214,112
216,112
218,91
219,91
220,91
221,91
222,91
223,91
224,91
225,91
226,91
227,"91, 92, 93, 112, 123, 128, 169, 206, 244, 275, 417, 423, 519, 588, 623, 907, 2345, 2397"
229,"91, 92, 93, 112, 123, 128, 169, 206, 244, 275, 417, 423, 519, 588, 623, 907, 2345, 2397"
230,"91, 92, 93, 112"
231,"91, 92, 93, 112, 123, 128, 169, 206, 244, 275, 417, 423, 519, 588, 623, 907, 2345, 2397"
233,112
255,435
259,88
263,265
272,125
273,25
275,"84, 85, 111, 2248, 2393"
279,"85, 87"
289,"1, 18, 27, 37, 94, 97"
293,125
295,242
306,210
388,"84, 87, 89, 103"
389,210
396,210
416,81
424,319
426,339
428,232
429,232
430,333
431,104
432,111
456,155
477,133
478,129
479,130
480,157
481,132
482,160
483,168
484,154
485,140
486,138
487,143
488,136
489,133
490,129
491,157
492,132
493,160
494,168
495,154
496,140
497,138
498,143
499,136
500,130
547,115
560,337
561,114
562,162
563,162
564,162
565,162
566,162
567,162
568,162
569,162
572,162
573,162
574,162
575,162
576,162
577,162
578,162
579,162
582,91
583,93
584,93
587,112
603,"84, 87, 89, 103"
604,"85, 88, 90, 110"
610,85
611,88
612,90
613,110
614,"85, 110"
615,84
616,87
617,89
618,103
619,"84, 87, 103"
622,141
623,141
624,155
625,155
627,27
628,291
629,213
630,279
631,310
632,221
633,225
634,226
635,301
636,300
637,435
638,230
639,219
640,280
641,220
642,242
643,250
644,235
645,476
646,317
647,347
648,261
649,265
650,262
651,272
652,274
653,258
654,260
655,273
656,263
657,246
658,267
659,266
660,269
661,348
666,256
667,347
668,261
669,265
670,262
671,272
672,256
673,274
674,258
675,260
676,273
677,263
678,246
679,267
680,266
681,269
682,348
684,248
685,287
686,232
687,319
688,337
689,247
690,350
691,333
692,330
693,331
694,332
695,329
696,334
697,339
698,335
706,91
707,91
708,91
709,91
710,93
711,93
712,92
713,92
714,"91, 92, 93"
725,335
726,108
728,1
729,317
736,7
750,10
761,14
762,"1, 7, 10, 14, 17, 18, 21, 22, 25, 26, 50, 64, 65, 66, 69, 71, 76, 77, 85, 94, 95, 100, 102, 199, 210, 241"
763,"74, 100, 101, 102, 108, 109, 246, 256, 258, 260, 261, 262, 263, 265, 266, 267, 269, 272, 273, 274, 334, 347"
764,"74, 100, 101, 102, 108, 109, 246, 256, 258, 260, 261, 262, 263, 265, 266, 267, 269, 272, 273, 274, 334, 347"
765,15
766,17
768,18
769,21
770,22
771,23
772,25
773,26
774,32
775,36
776,37
777,42
778,47
779,48
780,49
781,50
782,51
783,112
784,112
802,52
841,56
842,57
843,109
844,62
845,63
846,64
847,65
848,66
849,69
850,70
851,71
852,76
853,77
854,78
855,80
856,81
857,83
858,95
859,94
860,97
861,97
862,100
863,102
864,104
865,105
866,107
867,108
868,122
871,210
872,92
873,91
880,337
881,337
882,350
883,258
884,348
885,334
893,102
894,"105, 108"
896,105
897,"13, 122, 348"
898,104
899,107
900,102
901,107
902,"107, 109, 272"
903,108
905,108
906,111
907,"91, 92, 93"
910,"129, 133, 136, 140, 154, 157, 160, 219, 220, 242, 250, 280, 317"
911,"1, 7, 10, 57, 62, 63, 64, 65, 69, 71, 76, 77, 78, 81, 83, 235"
912,"17, 18, 21, 22, 23, 27, 32, 36, 37, 48, 52, 210, 337, 476"
914,"85, 88, 90, 110"
915,"84, 87, 89, 103"
938,119
939,107
940,50
941,"50, 107, 119"
942,"12, 77, 83, 101, 102, 107"
943,"12, 77, 83, 101, 102, 107"
944,"12, 77, 83"
945,"23, 118"
946,23
947,118
948,"14, 17, 22, 27, 37, 47, 48, 49, 50, 51, 52, 56, 57, 62, 63, 64, 65, 69, 70, 71, 77, 84, 97, 100, 102, 199, 241"
949,114
950,119
951,119
952,119
953,"81, 102, 247"
955,232
956,319
957,337
958,339
959,329
960,350
961,119
962,119
980,435
1006,"85, 88, 90, 110"
1007,115
1008,"113, 114, 115, 125"
1009,"113, 118, 121"
1010,"113, 114, 115, 118, 121, 125"
1011,"113, 114, 115, 117, 118"
1012,"113, 114, 115, 117, 118, 120"
1151,91
1153,93
1164,91
1165,111
1166,91
1167,91
1169,93
1171,112
1172,92
1189,100
1190,102
1191,108
1192,107
1193,105
1194,109
1195,104
1205,108
1206,"1, 7, 10, 12, 13, 14, 18, 22, 25, 26, 37, 47, 48, 49, 50, 51, 52, 56, 57, 62, 63, 65, 66, 69, 70, 76, 77, 78, 80, 84, 85, 88, 89, 199, 210, 217, 224, 249"
1251,92
1252,92
1254,117
1258,112
1259,92
1262,"100, 101, 102, 104, 105, 107, 108, 109"
1263,117
1264,114
1265,115
1266,116
1267,121
1268,119
1269,120
1270,118
1271,100
1272,108
1273,107
1275,108
1276,105
1277,115
1296,157
1297,157
1307,616
1311,"100, 101, 102, 104, 105, 107, 108, 109"
1312,"100, 101, 102, 104, 105, 107, 108, 109"
1356,117
1357,116
1358,114
1359,115
1428,120
1457,127
1502,92
1576,"107, 121"
1596,121
1638,104
1676,"13, 14, 15, 17, 22, 23, 26, 32, 36, 47, 48, 49, 50, 51, 52, 56, 210, 224"
1678,"12, 62, 63, 64, 65, 66, 69, 70, 71, 77, 78, 81, 83, 97, 199"
1717,123
1718,123
1721,156
1722,156
1723,123
1727,123
1737,123
1751,123
1752,123
1755,123
1816,168
1817,130
1834,138
1836,85
1837,87
1856,162
1857,162
1858,162
1859,162
1860,157
1862,132
1864,154
1865,168
1866,140
1867,138
1868,143
1869,141
1870,141
1871,143
1872,130
1873,136
1874,141
1875,141
1876,155
1877,155
1919,133
1956,125
1957,125
1958,125
1996,162
1997,162
2016,116
2017,116
2036,129
2037,129
2038,132
2039,160
2040,154
2041,168
2042,138
2043,136
2044,143
2045,143
2046,143
2047,155
2048,155
2049,155
2050,155
2051,155
2052,155
2053,155
2054,155
2056,132
2057,160
2058,154
2076,125
2077,125
2078,125
2080,123
2081,156
2082,120
2083,120
2084,125
2094,125
2095,125
2096,125
2139,162
2140,162
2146,162
2147,162
2148,141
2149,141
2150,129
2151,160
2152,154
2153,168
2154,140
2155,140
2156,136
2157,136
2176,162
2177,162
2178,162
2179,162
2180,162
2181,162
2182,162
2183,162
2184,162
2185,162
2186,162
2187,162
2188,616
2199,123
2256,"113, 114, 115, 116, 117, 118, 119, 120, 121"
2257,"113, 114, 115, 116, 117, 118, 119, 120, 121"
2336,"10, 25, 71, 83, 210, 407"
2456,350
2476,123
2496,232
2556,"1, 7, 10, 14, 15, 17, 18, 21, 22, 23, 25, 26, 32, 36, 47, 49, 50, 51, 52, 56, 62, 63, 64, 65, 66, 69, 70, 71, 76, 78, 80, 81, 83, 84, 85, 88, 89, 90, 94, 95, 97, 100, 102, 103, 104, 105, 107, 108, 110, 113, 117, 119, 120, 121, 125, 127, 198, 199, 210, 224, 241, 245, 534, 539, 542, 543, 550, 554, 650, 896"
2557,"113, 114, 115, 116, 117, 118, 119, 120, 121"
2756,118
2758,118
2760,118
2761,118
2762,118
2763,118
2764,118
2765,118
2766,118
2767,118
2768,118
2769,118
2770,118
2771,118
2772,118
2773,118
2777,118
2778,118
2779,118
2780,118
2781,118
2782,118
2783,118
2784,118
2785,118
2786,118
2787,118
2788,118
2816,118
2817,118
2836,118
2886,147
2887,147
2888,147
2889,147
2890,147
2891,147
2892,147
2893,147
2894,147
2895,147
2903,147
2904,147
2905,147
2906,147
2907,147
2908,147
2909,147
2910,147
2911,147
2912,147
2913,147
2914,147
2915,147
2916,147
2917,147
2918,147
2919,147
2921,147
2923,147
2924,147
2925,147
2926,147
2927,147
2928,147
2929,147
2930,147
2931,147
2932,147
2933,147
2934,147
2935,147
2936,147
2937,147
2938,147
2939,147
2940,147
2941,147
2942,147
2943,147
2944,147
2945,147
2946,147
2947,147
2948,147
2951,147
2952,147
2953,147
2954,147
2955,147
2956,147
2959,147
2960,147
2961,147
2962,147
2963,147
2965,147
2967,147
2968,147
2969,147
2970,147
2971,147
2972,147
2973,147
2974,147
2975,147
2976,147
2977,147
2978,147
2979,147
2980,147
2981,147
2982,147
2983,147
2984,147
2985,147
2989,147
2995,147
2996,147
2997,147
3002,147
3003,147
3004,147
3005,147
3006,147
3007,147
3008,147
3009,147
3010,147
3011,147
3012,147
3013,147
3014,147
3015,147
3016,147
3017,147
3036,147
3037,147
3056,147
3057,147
3058,147
3059,147
3076,147
3077,147
3097,147
3098,147
3118,147
3136,156
3137,156
3138,147
3141,147
3142,147
3157,147
3158,147
3159,147
3161,147
3162,147
3163,147
3164,147
3176,147
3177,147
3178,147
3179,147
3180,147
3181,147
3182,147
3183,147
3184,147
3185,147
3186,147
3187,147
3188,147
3189,147
3237,147
3316,147
3356,83
3357,78
3496,242
3676,118
3677,118
3736,118
3776,169
3777,169
3778,171
3797,172
3798,172
3799,172
3800,172
3802,171
3803,171
3804,171
3808,172
3809,172
3810,172
3812,172
3813,172
3815,172
3816,172
3817,172
3818,172
3819,172
3836,156
3837,156
3845,169
3846,169
3847,169
3848,169
3849,169
3850,169
3851,169
3852,169
3853,169
3854,169
3855,169
3856,169
3857,169
3916,172
3917,172
3918,172
3936,172
3937,172
3957,169
3996,172
3997,172
4016,156
4017,156
4079,172
4080,172
4156,172
4176,169
4177,169
4256,169
4296,171
4297,171
4298,171
4396,248
4397,248
4402,248
4403,248
4404,248
4405,248
4406,248
4407,248
4516,183
4517,184
4518,185
4519,183
4520,184
4521,185
4522,183
4523,183
4524,184
4525,184
4526,185
4527,186
4528,186
4529,186
4530,186
4531,186
4532,186
4534,186
4535,186
4536,186
4537,186
4538,186
4539,186
4577,186
4578,186
4579,186
4580,186
4581,186
4582,186
4583,186
4584,186
4585,156
4586,156
4596,118
4597,186
4598,186
4601,186
4604,186
4605,186
4606,186
4607,186
4608,186
4610,186
4611,186
4612,186
4613,186
4614,186
4615,186
4616,186
4617,186
4618,186
4619,186
4620,186
4621,186
4622,186
4623,186
4625,186
4626,147
4627,310
4628,186
4629,186
4630,186
4631,186
4632,186
4633,186
4634,186
4635,186
4636,186
4637,186
4786,27
4790,1
4815,200
4816,200
4817,200
4818,200
4825,201
4827,"1, 12, 13, 15, 21, 25, 48, 50, 52, 62, 63, 64, 66, 71, 199, 210, 224"
4833,283
4839,322
4840,293
4841,297
4842,285
4846,324
4847,325
4848,277
4849,285
4850,294
4851,328
4852,294
4863,198
4864,207
4865,249
4866,241
4868,"12, 13, 198, 201, 207, 241, 249"
4869,201
4870,198
4871,207
4872,249
4873,241
4874,"244, 245"
4875,"12, 13, 198, 201, 207, 241, 249"
4881,"13, 201, 207, 241"
4882,198
4883,207
4884,249
4885,241
4886,241
4888,249
4892,23
4893,22
4894,21
4895,25
4896,14
4897,26
4899,48
4900,15
4901,36
4902,49
4903,52
4904,51
4905,210
4906,50
4908,95
4909,17
4910,32
4925,63
4926,97
4927,76
4928,62
4929,70
4930,66
4931,77
4932,69
4933,10
4934,81
4935,71
4936,65
4937,199
4938,64
4939,78
4940,83
4958,"107, 121, 241"
4959,198
4960,241
4961,249
4975,201
4976,63
4978,70
4979,69
4980,65
4981,199
4982,201
4995,210
4996,199
5060,283
5061,322
5062,293
5063,324
5064,325
5065,297
5066,277
5083,291
5093,310
5094,285
5107,285
5108,285
5109,285
5115,285
5116,285
5117,294
5118,294
5119,294
5120,294
5121,294
5122,328
5123,328
5208,206
5209,206
5210,206
5211,206
5213,206
5214,206
5215,206
5216,206
5219,206
5220,206
5221,206
5222,206
5223,206
5226,206
5227,206
5228,206
5229,206
5230,206
5231,206
5245,275
5246,275
5247,275
5248,275
5249,275
5250,275
5251,275
5252,275
5253,275
5254,275
5255,275
5256,275
5257,275
5258,275
5262,275
5281,283
5282,283
5283,283
5284,283
5285,322
5286,322
5287,324
5288,325
5289,325
5290,277
5291,277
5292,277
5293,297
5294,297
5295,297
5296,297
5297,293
5298,293
5300,294
5304,328
5305,328
5306,285
5307,285
5308,285
5309,285
5310,285
5311,294
5312,294
5313,294
5317,249
5318,201
5319,201
5320,241
5321,241
5366,291
5367,291
5368,291
5369,291
5370,291
5371,291
5375,"244, 245"
5376,"244, 245"
5412,"244, 245"
5415,"244, 245"
5416,282
5417,"244, 245"
5418,"244, 245"
5442,23
5443,83
5444,15
5445,207
5446,207
5447,207
5448,76
5449,207
5450,207
5451,241
5452,201
5453,62
5454,76
5474,84
5475,85
5476,84
5477,85
5481,241
5482,241
5483,198
5486,"244, 245"
5487,"244, 245"
5488,"244, 245"
5489,"244, 245"
5490,"244, 245"
5501,241
5503,310
5504,310
5505,310
5518,409
5533,81
5546,76
5547,76
5548,"12, 13, 198, 201, 241, 244, 245, 1527"
5552,206
5718,"244, 245"
5719,"244, 245"
5743,337
5744,337
5750,333
5759,337
5760,333
5761,333
5762,337
5765,337
5767,249
5768,337
5769,333
5788,235
5799,367
5802,367
5803,367
5804,367
5805,367
5806,367
5807,367
5808,367
5809,367
5810,367
5813,367
5821,367
5827,367
5829,367
5830,367
5839,367
5841,87
5842,89
5843,88
5844,90
5847,87
5848,89
5849,88
5850,90
5855,367
5858,333
5859,"198, 338"
5860,198
5861,198
5862,198
5864,198
5865,198
5866,"198, 338"
5867,338
5868,198
5869,198
5870,198
5871,338
5872,338
5873,338
5874,338
5879,"198, 338"
5995,401
6019,407
6020,407
6021,407
6022,407
6023,407
6024,407
6025,407
6026,407
6027,407
6028,407
6029,407
6030,407
6031,407
6032,407
6045,282
6070,398
6084,409
6089,439
6105,409
6106,409
6107,409
6108,282
6109,409
6110,409
6111,409
6112,409
6113,409
6114,409
6115,409
6116,409
6117,401
6118,398
6119,399
6127,398
6128,409
6129,409
6130,401
6132,399
6133,409
6174,409
6175,409
6177,409
6180,409
6181,409
6300,371
6301,376
6332,407
6350,"371, 376, 388, 390, 418, 422, 424"
6351,371
6366,388
6394,476
6396,476
6400,439
6402,439
6420,439
6427,431
6455,471
6456,439
6457,439
6458,471
6460,429
6469,443
6470,443
6471,443
6472,443
6475,429
6476,437
6477,443
6478,453
6479,437
6480,379
6485,457
6517,376
6518,474
6531,476
6534,371
6535,418
6536,418
6537,379
6538,379
6539,388
6540,422
6541,"371, 376, 379, 388, 418, 422, 424"
6543,"371, 379, 388, 418, 424"
6544,376
6545,422
6546,390
6547,"418, 422, 424"
6548,"371, 376, 379, 388, 390, 418, 422, 424, 433, 504"
6550,371
6551,376
6552,376
6553,474
6558,"1, 7, 10, 12, 13, 14, 15, 17, 18, 21, 22, 23, 25, 26, 27, 32, 36, 37, 47, 48, 49, 50, 51, 52, 56, 57, 62, 63, 64, 65, 69, 70, 71, 76, 77, 78, 81, 83, 94, 95, 97, 100, 101, 102, 104, 105, 107, 108, 109, 113, 114, 115, 116, 117, 118, 119, 120, 121, 198, 199, 207, 210, 224, 241, 249, 371, 376, 379, 388, 390, 418, 422, 424"
6559,"1, 7, 10, 12, 13, 14, 15, 17, 18, 21, 22, 23, 25, 26, 27, 32, 36, 37, 47, 48, 49, 50, 51, 52, 56, 57, 62, 63, 64, 65, 69, 70, 71, 76, 77, 78, 81, 83, 94, 95, 97, 100, 101, 102, 104, 105, 107, 108, 109, 113, 114, 115, 116, 117, 118, 119, 120, 121, 198, 199, 207, 210, 224, 241, 249, 371, 376, 379, 388, 390, 418, 422, 424"
6560,"1, 7, 10, 12, 13, 14, 15, 17, 18, 21, 22, 23, 25, 26, 27, 32, 36, 37, 47, 48, 49, 50, 51, 52, 56, 57, 62, 63, 64, 65, 69, 70, 71, 76, 77, 78, 81, 83, 94, 95, 97, 100, 101, 102, 104, 105, 107, 108, 109, 113, 114, 115, 116, 117, 118, 119, 120, 121, 198, 199, 207, 210, 224, 241, 249, 371, 376, 379, 388, 390, 418, 422, 424"
6584,"84, 87, 89, 103"
6585,"1, 7, 10, 62, 63, 64, 65, 66, 69, 70, 71, 76, 77, 78, 81, 83, 97, 198, 199, 249"
6586,"13, 14, 15, 17, 18, 21, 22, 23, 25, 26, 36, 37, 42, 47, 48, 49, 50, 51, 52, 56, 94, 95, 210, 224, 241"
6587,"100, 101, 102, 104, 105, 107, 108, 109"
6588,"113, 114, 115, 116, 117, 118, 119, 120, 121, 127"
6589,"371, 376, 379, 388, 390, 418, 422, 424"
6590,"1, 7, 10, 13, 14, 15, 17, 18, 21, 22, 23, 25, 26, 36, 37, 42, 47, 48, 49, 50, 51, 52, 56, 62, 63, 64, 65, 66, 69, 70, 71, 76, 77, 78, 81, 83, 94, 95, 97, 100, 101, 102, 104, 105, 107, 108, 109, 113, 114, 115, 116, 117, 118, 119, 120, 121, 127, 198, 199, 210, 224, 241, 249, 371, 376, 379, 388, 390, 418, 422, 424"
6601,"1, 10, 12, 13, 23, 26, 32, 36, 37, 42, 47, 49, 50, 51, 52, 63, 64, 65, 66, 69, 70, 77, 80, 83, 100, 101, 102, 104, 107, 111, 113, 115, 117, 118, 121, 127, 198, 199, 207, 210, 224, 241, 249, 371, 376, 379, 388, 390, 418, 422, 424"
6602,"1, 10, 12, 63, 64, 65, 66, 69, 70, 77, 80, 83, 199"
6603,"13, 23, 26, 32, 36, 37, 42, 47, 49, 50, 51, 52, 210, 224"
6604,"100, 101, 102, 104, 107, 111"
6605,"113, 115, 117, 118, 121, 127"
6606,"371, 376, 379, 388, 390, 418, 422, 424"
6607,"1, 10, 12, 13, 23, 26, 32, 36, 37, 42, 47, 49, 50, 51, 52, 63, 64, 65, 66, 69, 70, 77, 80, 83, 100, 101, 102, 104, 107, 111, 113, 115, 117, 118, 121, 127, 198, 199, 207, 210, 224, 241, 249, 371, 376, 379, 388, 390, 418, 422, 424"
6611,"1, 7, 10, 13, 14, 15, 17, 18, 21, 22, 23, 25, 26, 36, 37, 42, 47, 48, 49, 50, 51, 52, 56, 62, 63, 64, 65, 66, 69, 70, 71, 76, 77, 78, 81, 83, 94, 95, 97, 100, 101, 102, 104, 105, 107, 108, 109, 113, 114, 115, 116, 117, 118, 119, 120, 121, 127, 198, 199, 210, 224, 241, 249, 371, 376, 379, 388, 390, 418, 422, 424"
6612,"1, 7, 10, 62, 63, 64, 65, 66, 69, 70, 71, 76, 77, 78, 81, 83, 97, 198, 199, 249"
6613,"13, 14, 15, 17, 18, 21, 22, 23, 25, 26, 36, 37, 42, 47, 48, 49, 50, 51, 52, 56, 94, 95, 210, 224, 241"
6614,"100, 101, 102, 104, 105, 107, 108, 109"
6615,"113, 114, 115, 116, 117, 118, 119, 120, 121, 127"
6616,"371, 376, 379, 388, 390, 418, 422, 424"
6621,"85, 88, 90, 110"
6622,"84, 85, 87, 88, 89, 90, 103, 110"
6671,429
6674,471
6683,474
6684,431
6686,471
6687,471
6688,457
6689,456
6713,453
6715,476
6716,"371, 418, 422, 424, 433"
6717,456
6718,474
6719,471
6720,471
6721,471
6722,471
6723,471
6724,471
6725,474
6726,474
6727,474
6728,474
6729,474
6730,474
6731,456
6732,456
6733,456
6734,456
6736,453
6739,423
6740,417
6754,"371, 379, 390, 418, 424"
6755,453
6756,453
6757,429
6758,429
6759,437
6760,431
6761,435
6762,476
6763,457
6821,476
6822,457
6823,471
6824,456
6825,456
6827,"371, 376, 379, 388, 390, 418, 422, 424, 433, 504"
6828,"371, 376, 379, 388, 390, 418, 422, 424, 433, 504"
6837,"371, 376, 379, 390, 418, 433"
6844,471
6845,474
6846,"371, 376, 379, 418, 424"
6847,"379, 388, 424"
6850,"371, 376, 379, 418, 424"
6855,"371, 379, 388, 390, 418, 424"
6856,"376, 418, 424"
6857,422
6858,"371, 376, 379, 390, 424"
6882,417
6883,423
6884,429
6885,429
6886,429
6887,429
6888,439
6889,439
6890,439
6891,439
6892,453
6893,443
6894,437
6895,431
6896,435
6897,476
6898,457
6899,453
6900,453
6901,453
6902,443
6903,443
6904,443
6905,437
6906,437
6907,437
6908,431
6909,431
6910,431
6911,435
6912,435
6913,435
6914,476
6915,476
6916,476
6917,457
6918,457
6919,457
6922,474
6923,452
6928,435
6929,435
6930,452
6931,452
6933,456
6936,474
6937,474
6945,437
6946,435
6947,417
6950,417
6954,471
6969,376
6970,417
6971,417
6972,417
6973,417
6974,"371, 376, 379, 388, 390, 418, 422, 424"
6975,418
6976,379
6977,388
6978,422
6979,390
6980,417
6981,417
7039,423
7049,423
7056,471
7057,423
7062,423
7099,423
7100,423
7102,423
7103,423
7106,423
7230,"371, 379, 418, 424"
7231,450
7232,450
7239,450
7248,450
7249,450
7252,447
7257,447
7258,447
7261,447
7265,448
7266,448
7267,448
7271,480
7272,480
7273,480
7275,481
7276,481
7281,"371, 376, 379, 388, 418, 422, 424, 433"
7282,"371, 376, 379, 388, 418, 422, 424, 433"
7283,"371, 376, 379, 388, 418, 422, 424, 433"
7284,"371, 376, 379, 388, 418, 422, 424, 433"
7285,"371, 376, 379, 388, 390, 418, 422, 424, 504, 554"
7286,379
7287,418
7288,388
7289,371
7290,371
7291,371
7292,376
7293,376
7294,376
7295,376
7296,376
7297,388
7298,388
7299,388
7300,376
7301,376
7302,376
7303,376
7304,376
7305,376
7306,376
7307,388
7308,388
7309,388
7310,388
7312,422
7313,422
7314,422
7315,390
7316,422
7317,390
7318,390
7319,390
7320,390
7321,390
7322,390
7323,390
7324,390
7325,376
7331,"371, 376, 379, 388, 390, 418, 422, 424"
7332,"371, 376, 379, 388, 390, 418, 422, 424"
7333,"371, 376, 379, 388, 390, 418, 422, 424"
7334,"371, 376, 379, 388, 390, 418, 422, 424, 433"
7335,"371, 376, 379, 388, 390, 418, 422, 424, 433"
7336,"371, 376, 379, 388, 390, 418, 422, 424, 433"
7337,"371, 376, 379, 388, 390, 418, 422, 424, 433"
7338,"371, 376, 379, 388, 390, 418, 422, 424"
7339,"371, 376, 379, 388, 390, 418, 422, 424"
7340,"371, 376, 379, 388, 390, 418, 422, 424"
7341,"371, 376, 379, 388, 390, 418, 422, 424"
7342,"371, 376, 379, 388, 390, 418, 422, 424"
7343,"371, 376, 379, 388, 390, 418, 422, 424"
7344,"371, 376, 379, 388, 390, 418, 422, 424"
7345,"371, 376, 379, 388, 390, 418, 422, 424"
7346,"371, 376, 379, 388, 390, 418, 422, 424"
7347,"371, 376, 379, 388, 390, 418, 422, 424"
7348,"371, 376, 379, 388, 390, 418, 422, 424, 433"
7349,"371, 376, 379, 388, 390, 418, 422, 424, 433"
7350,"371, 376, 379, 388, 390, 418, 422, 424, 433"
7351,"371, 376, 379, 388, 390, 418, 422, 424, 433"
7352,"371, 376, 379, 388, 390, 418, 422, 424, 433"
7353,"371, 376, 379, 388, 390, 418, 422, 424, 433"
7354,"371, 376, 379, 388, 390, 418, 422, 424, 433"
7355,"371, 376, 379, 388, 390, 418, 422, 424, 433"
7356,"371, 376, 379, 388, 390, 418, 422, 424, 433"
7357,"371, 376, 379, 388, 390, 418, 422, 424, 433"
7358,"371, 376, 379, 388, 390, 418, 422, 424"
7359,"371, 376, 379, 388, 390, 418, 422, 424"
7360,"371, 376, 379, 388, 390, 418, 422, 424"
7361,"371, 376, 379, 388, 390, 418, 422, 424"
7362,"371, 376, 379, 388, 390, 418, 422, 424"
7363,"371, 376, 379, 388, 390, 418, 422, 424"
7364,"371, 376, 379, 388, 390, 418, 422, 424"
7365,"371, 376, 379, 388, 390, 418, 422, 424"
7366,"371, 376, 379, 388, 390, 418, 422, 424"
7367,"371, 376, 379, 388, 390, 418, 422, 424"
7368,"371, 376, 379, 388, 390, 418, 422, 424, 433"
7369,"371, 376, 379, 388, 390, 418, 422, 424, 433"
7370,"371, 376, 379, 388, 390, 418, 422, 424, 433"
7371,"371, 376, 379, 388, 390, 418, 422, 424, 433"
7372,"371, 376, 379, 388, 390, 418, 422, 424, 433"
7373,"371, 376, 379, 388, 390, 418, 422, 424, 433"
7374,"371, 376, 379, 388, 390, 418, 422, 424, 433"
7375,"371, 376, 379, 388, 390, 418, 422, 424, 433"
7376,"371, 376, 379, 388, 390, 418, 422, 424, 433"
7377,"371, 376, 379, 388, 390, 418, 422, 424, 433"
7381,371
7386,379
7413,431
7437,"371, 376, 379, 388, 390, 418, 422, 424"
7438,"371, 376, 379, 388, 390, 418, 422, 424"
7439,"371, 376, 379, 388, 390, 418, 422, 424"
7467,416
7468,416
7479,"379, 388, 424, 443"
7485,471
7486,474
7487,456
7498,"1, 10, 12, 13, 23, 26, 32, 36, 37, 42, 47, 49, 50, 51, 52, 63, 64, 65, 66, 69, 70, 77, 80, 83, 100, 101, 102, 104, 107, 111, 113, 115, 117, 118, 121, 127, 198, 199, 207, 210, 224, 241, 249, 371, 376, 379, 388, 390, 418, 422, 424"
7499,"1, 10, 12, 13, 23, 26, 32, 36, 37, 42, 47, 49, 50, 51, 52, 63, 64, 65, 66, 69, 70, 77, 80, 83, 100, 101, 102, 104, 107, 111, 113, 115, 117, 118, 121, 127, 198, 199, 207, 210, 224, 241, 249, 371, 376, 379, 388, 390, 418, 422, 424"
7502,376
7518,418
7520,"12, 13, 14, 15, 17, 22, 23, 26, 32, 36, 47, 48, 49, 50, 51, 52, 56, 62, 63, 64, 65, 66, 69, 70, 71, 77, 78, 81, 83, 97, 100, 101, 102, 104, 105, 107, 108, 109, 113, 114, 115, 116, 117, 118, 119, 120, 121, 198, 199, 201, 207, 210, 224, 241, 249, 371, 376, 379, 388, 418, 422, 424, 525, 535, 539, 542, 543, 550, 572, 619, 630, 634, 641, 650, 680, 862, 863, 864, 875, 876, 895, 896, 942, 1161, 1164, 1525, 1533, 1536, 1550, 1565"
7522,481
7523,416
7524,416
7525,"12, 13, 198, 207, 241, 249"
7526,416
7527,416
7529,416
7530,416
7612,"371, 376, 379, 390, 418, 433"
7928,418
7929,418
7932,418
7933,471
7934,"162, 232, 287, 319"
7937,500
7939,500
7940,500
7941,500
7942,500
7943,500
7944,500
7945,500
7946,500
7947,500
7948,500
7949,500
7950,500
7984,488
7986,488
7987,488
7988,487
7989,487
7990,487
7991,487
7992,487
7993,487
7994,"371, 376, 379, 388, 424, 433"
7995,"371, 376, 379, 388, 424, 433"
7996,"371, 376, 379, 388, 424, 433"
7997,"371, 376, 379, 388, 424, 433"
8009,488
8010,486
8011,486
8012,486
8013,498
8014,498
8015,498
8016,451
8017,451
8020,500
8022,500
8023,422
8028,504
8037,508
8038,508
8049,504
8050,504
8051,504
8056,508
8057,508
8058,508
8059,508
8060,508
8061,508
8062,508
8063,508
8064,508
8065,508
8066,508
8067,508
8068,508
8069,508
8070,508
8071,508
8072,508
8073,508
8077,508
8078,"371, 376, 379, 388, 418, 424"
8081,508
8082,508
8086,508
8087,508
8089,508
8090,508
8092,507
8094,508
8097,508
8098,508
8099,504
8100,504
8101,504
8103,504
8104,504
8105,504
8106,504
8107,504
8108,504
8109,504
8110,504
8111,504
8112,504
8114,504
8115,504
8116,504
8117,504
8118,504
8119,504
8120,504
8121,504
8123,507
8205,418
8206,418
8208,504
8209,504
8210,504
8212,504
8220,"388, 422, 424"
8221,"388, 422, 424"
8222,"388, 422, 424"
8223,"388, 422, 424"
8224,"388, 422, 424"
8225,"388, 422, 424"
8226,"388, 422, 424"
8227,"388, 422, 424"
8228,"388, 422, 424"
8229,"388, 422, 424"
8230,"388, 422, 424"
8231,"388, 422, 424"
8232,"388, 422, 424"
8233,"388, 422, 424"
8234,"388, 422, 424"
8235,"388, 422, 424"
8238,508
8246,474
8248,456
8249,508
8260,508
8293,"332, 334, 350"
8294,522
8295,522
8310,447
8311,481
8314,524
8315,524
8317,520
8318,520
8319,520
8327,522
8331,519
8332,519
8333,519
8335,500
8336,500
8337,500
8338,500
8339,500
8340,500
8342,500
8343,500
8347,524
8348,"1, 10, 12, 13, 23, 26, 32, 36, 37, 42, 47, 49, 50, 51, 52, 63, 64, 65, 66, 69, 70, 77, 80, 83, 100, 101, 102, 104, 107, 111, 113, 115, 117, 118, 121, 127, 198, 199, 207, 210, 224, 241, 249, 371, 376, 379, 388, 390, 418, 422, 424"
8350,519
8351,519
8354,519
8355,519
8358,519
8359,519
8360,519
8364,524
8366,524
8368,481
8398,556
8399,556
8400,556
8401,556
8430,429
8431,439
8432,443
8433,453
8434,437
8436,431
8437,435
8438,476
8439,457
8448,556
8453,556
8458,556
8459,556
8461,556
8462,556
8463,556
8465,556
8466,556
8467,556
8468,556
8469,556
8470,556
8471,556
8472,556
8478,556
8479,556
8480,556
8481,556
8482,556
8486,480
8487,480
8488,480
8491,480
8492,480
8493,480
8496,480
8497,480
8498,480
8501,480
8502,480
8503,480
8504,480
8505,480
8506,480
8507,480
8508,480
8509,480
8520,556
8521,556
8527,556
8528,556
8529,556
8530,556
8531,556
8532,556
8533,554
8535,554
8536,556
8537,556
8538,556
8543,556
8671,525
8679,556
8680,556
8697,480
8812,480
8843,601
8844,601
8845,539
8871,601
8872,601
8873,601
8874,601
8875,573
8876,573
8877,573
8878,573
8879,593
8880,593
8881,593
8882,593
8883,574
8884,574
8885,574
8886,574
8887,606
8888,606
8889,606
8890,606
8891,616
8892,616
8893,616
8894,616
8919,535
8920,535
8921,572
8922,572
8923,543
8924,543
8925,542
8926,542
8927,550
8928,550
8929,596
8930,596
8932,596
8935,"525, 535, 539, 542, 543, 550, 572"
8937,525
8938,539
8939,543
8940,535
8941,542
8942,550
8947,610
8948,610
8949,610
8952,596
8956,596
8958,610
8960,610
8961,610
8962,610
8963,610
8964,610
8965,610
8966,596
8967,596
8968,596
8969,596
8970,596
8971,596
8972,596
8973,596
8974,610
8975,610
8976,610
8977,610
8978,596
8979,596
8980,596
8981,596
8982,596
8983,596
8984,596
8986,610
8987,610
8988,610
8989,596
8990,596
8991,596
8992,596
8993,573
8997,595
8998,595
8999,595
9000,595
9001,620
9002,620
9003,620
9004,620
9005,573
9007,606
9008,573
9016,339
9017,620
9018,574
9023,593
9024,606
9025,574
9026,574
9033,601
9034,601
9035,601
9036,601
9037,573
9038,595
9039,593
9041,574
9042,616
9043,606
9044,620
9045,616
9046,573
9047,595
9049,593
9052,606
9053,620
9054,574
9055,616
9056,616
9057,616
9058,616
9072,542
9081,595
9082,595
9083,595
9102,588
9103,588
9104,588
9105,588
9106,588
9168,500
9169,500
9170,500
9171,500
9172,500
9173,500
9174,500
9175,500
9176,500
9177,500
9214,588
9215,588
9216,588
9217,588
9218,588
9219,588
9220,588
9222,588
9223,620
9224,588
9225,588
9228,588
9250,407
9251,407
9252,407
9256,588
9257,588
9400,543
9401,543
9402,543
9408,588
9410,"525, 539, 550"
9411,"535, 543, 550"
9412,542
9413,"525, 539, 550"
9414,"535, 543, 550"
9415,542
9423,543
9425,542
9432,539
9433,539
9434,539
9435,539
9436,539
9437,539
9441,610
9442,610
9443,596
9444,596
9469,542
9470,539
9471,525
9472,550
9473,588
9474,588
9475,543
9476,535
9477,"525, 534, 535, 539, 542, 543, 550, 572"
9478,"525, 534, 535, 539, 542, 543, 550, 572"
9479,539
9481,539
9483,539
9486,535
9491,"539, 550, 572"
9492,"539, 550, 572"
9493,620
9528,539
9529,525
9530,525
9531,525
9533,525
9534,525
9535,525
9536,525
9537,525
9541,550
9548,550
9550,232
9551,593
9552,593
9562,"525, 535, 539, 542, 543, 550, 572"
9564,"525, 535, 539, 542, 543, 550, 572"
9571,550
9572,480
9573,480
9574,480
9575,480
9576,480
9577,480
9578,480
9579,480
9580,480
9581,480
9582,480
9583,480
9584,480
9585,480
9586,480
9587,480
9588,480
9589,480
9590,480
9597,480
9600,542
9601,542
9602,539
9605,542
9606,525
9607,543
9610,550
9612,542
9613,542
9615,550
9617,550
9618,17
9620,573
9621,595
9622,593
9623,601
9624,620
9625,606
9626,574
9627,616
9632,535
9633,535
9634,535
9635,535
9636,535
9637,535
9638,535
9654,543
9655,543
9656,543
9658,543
9659,543
9663,543
9667,543
9674,535
9678,543
9680,661
9710,525
9711,525
9714,588
9715,588
9726,"525, 535, 539, 542, 543, 550, 572"
9727,"525, 535, 539, 542, 543, 550, 572"
9728,"525, 535, 539, 542, 543, 550, 572"
9755,407
9756,407
9759,407
9760,407
9761,407
9764,407
9766,407
9769,407
9770,407
9780,407
9781,407
9783,407
9785,407
9786,407
9787,407
9790,407
9792,407
9793,407
9794,407
9795,407
9797,407
9799,407
9800,407
9801,407
9803,407
9805,407
9806,407
9807,407
9809,407
9811,407
9812,407
9813,407
9815,407
9817,407
9819,407
9824,"329, 335, 339"
9833,"535, 539, 542, 543, 550, 572"
9885,407
9894,407
9923,"525, 535, 542, 543, 550, 572"
9924,"1, 17, 22, 23, 25, 36, 37, 47, 48, 52, 56, 69, 71, 78, 80, 81, 84, 100, 109, 111, 115, 117, 123, 127, 162, 186, 198, 201, 207, 210, 248, 291, 297, 350, 376, 379, 390, 418, 539, 550, 593"
9972,661
9979,661
9983,407
9988,661
9989,661
10010,437
10011,457
10012,661
10013,661
10018,"525, 535, 539, 542, 543, 550, 572"
10019,661
10020,661
10023,661
10024,661
10025,661
10026,661
10027,661
10030,661
10032,661
10033,661
10034,661
10035,661
10037,661
10038,661
10039,661
10040,661
10041,661
10042,661
10043,661
10044,661
10045,661
10053,"535, 542, 543, 550, 572"
10054,661
10057,661
10059,650
10061,534
10067,534
10068,534
10069,534
10070,534
10071,534
10072,534
10073,661
10074,534
10075,534
10076,573
10079,595
10080,593
10081,601
10082,606
10083,620
10084,574
10085,616
10086,661
10087,661
10253,661
10259,534
10260,534
10261,534
10262,534
10265,534
10334,534
10348,"525, 535, 539, 542, 543, 550, 572"
10349,534
10350,534
10398,650
10411,706
10412,706
10413,706
10456,713
10457,713
10458,713
10459,"24, 626, 647, 695, 702, 709, 715, 717, 719, 726, 734, 739"
10460,"24, 626, 647, 695, 702, 709, 715, 717, 719, 726, 734, 739"
10461,"24, 626, 647, 695, 702, 709, 715, 717, 719, 726, 734, 739"
10542,703
10543,703
10544,703
10553,732
10554,732
10555,777
10575,764
10585,627
10586,627
10610,761
10611,761
10617,680
10626,650
10627,634
10663,777
10665,630
10666,641
10667,650
10668,634
10669,680
10672,"619, 630, 634, 641, 650, 680"
10678,764
10679,710
10680,710
10696,764
10697,764
10698,641
10699,764
10704,764
10706,"24, 626, 647, 695, 702, 709, 715, 717, 719, 726, 734, 739"
10707,710
10709,751
10710,751
10711,751
10742,764
10743,"24, 626, 647, 695, 702, 709, 715, 717, 719, 726, 734, 739"
10745,"24, 626, 647, 695, 702, 709, 715, 717, 719, 726, 734, 739"
10746,"24, 626, 647, 695, 702, 709, 715, 717, 719, 726, 734, 739"
10747,"24, 626, 647, 695, 702, 709, 715, 717, 719, 726, 734, 739"
10748,"24, 626, 647, 695, 702, 709, 715, 717, 719, 726, 734, 739"
10749,"24, 626, 647, 695, 702, 709, 715, 717, 719, 726, 734, 739"
10750,"24, 626, 647, 695, 702, 709, 715, 717, 719, 726, 734, 739"
10753,777
10754,764
10755,777
10756,680
10763,630
10766,733
10769,733
10770,627
10771,777
10772,777
10773,749
10774,650
10775,749
10776,749
10778,680
10780,713
10781,713
10782,713
10783,733
10784,733
10785,733
10786,703
10788,703
10789,703
10790,634
10793,634
10795,731
10796,731
10797,731
10798,732
10799,732
10800,732
10801,710
10802,710
10803,710
10804,751
10805,751
10806,751
10807,706
10808,706
10809,706
10813,749
10816,761
10817,764
10818,777
10819,777
10820,777
10821,777
10822,777
10823,777
10824,777
10825,777
10826,777
10827,777
10829,764
10830,777
10837,764
10838,764
10839,764
10840,764
10842,764
10843,764
10844,764
10845,764
10846,764
10847,764
10848,764
10849,764
10850,764
10851,764
10852,"24, 626, 647, 695, 702, 709, 715, 717, 719, 726, 734, 739"
10853,"24, 626, 647, 695, 702, 709, 715, 717, 719, 726, 734, 739"
10875,731
10877,"619, 630, 634, 641, 650, 680"
10994,"24, 626, 647, 695, 702, 709, 715, 717, 719, 726, 734, 739"
10996,731
11065,"84, 85"
11066,627
11124,680
11125,680
11133,680
11135,"24, 626, 647, 695, 702, 709, 715, 717, 719, 726, 734, 739"
11136,"24, 626, 647, 695, 702, 709, 715, 717, 719, 726, 734, 739"
11137,"24, 626, 647, 695, 702, 709, 715, 717, 719, 726, 734, 739"
11144,"24, 626, 647, 695, 702, 709, 715, 717, 719, 726, 734, 739"
11157,"619, 630, 634, 641, 650, 680"
11159,"619, 630, 634, 641, 650, 680"
11160,"619, 630, 634, 641, 650, 680"
11162,"1663, 1666, 1669, 1674, 1675, 1677, 1683, 1692"
11163,"703, 706, 710, 713, 731, 732, 733, 751"
11164,"703, 706, 710, 713, 731, 732, 733, 751"
11171,"24, 626, 647, 695, 702, 709, 715, 717, 719, 726, 734, 739"
11173,"24, 626, 647, 695, 702, 709, 715, 717, 719, 726, 734, 739"
11175,630
11178,634
11180,"764, 777"
11181,"703, 706, 710, 713, 731, 733, 749, 751, 761"
11183,"1663, 1666, 1669, 1674, 1675, 1677, 1683, 1692"
11184,"1663, 1666, 1669, 1674, 1675, 1677, 1683, 1692"
11185,"1663, 1666, 1669, 1674, 1675, 1677, 1683, 1692"
11186,"619, 630, 634, 641, 650"
11188,"619, 630, 634, 641, 650, 680"
11189,"619, 630, 634, 641, 650, 680"
11190,"619, 630, 634, 641, 650, 680"
11191,777
11192,764
11194,777
11195,764
11200,"10, 25, 27, 52, 71, 76"
11201,"10, 25, 27, 52, 71, 76"
11212,"24, 626, 647, 695, 702, 709, 715, 717, 719, 726, 734, 739"
11213,"24, 626, 647, 695, 702, 709, 715, 717, 719, 726, 734, 739"
11214,"24, 626, 647, 695, 702, 709, 715, 717, 719, 726, 734, 739"
11215,"24, 626, 647, 695, 702, 709, 715, 717, 719, 726, 734, 739"
11216,"24, 626, 647, 695, 702, 709, 715, 717, 719, 726, 734, 739"
11217,"24, 626, 647, 695, 702, 709, 715, 717, 719, 726, 734, 739"
11218,"24, 626, 647, 695, 702, 709, 715, 717, 719, 726, 734, 739"
11219,"24, 626, 647, 695, 702, 709, 715, 717, 719, 726, 734, 739"
11220,"24, 626, 647, 695, 702, 709, 715, 717, 719, 726, 734, 739"
11221,"24, 626, 647, 695, 702, 709, 715, 717, 719, 726, 734, 739"
11222,"24, 626, 647, 695, 702, 709, 715, 717, 719, 726, 734, 739"
11223,"24, 626, 647, 695, 702, 709, 715, 717, 719, 726, 734, 739"
11232,634
11240,"42, 539, 710"
11256,630
11257,650
11258,641
11259,634
11260,680
11261,630
11262,641
11263,634
11264,650
11265,680
11296,"36, 77, 78, 81, 83, 232, 248"
11297,"17, 23, 232"
11298,"24, 626, 647, 695, 702, 709, 715, 717, 719, 726, 734, 739"
11320,"147, 172, 186"
11335,809
11337,806
11338,809
11340,680
11377,806
11386,806
11387,806
11394,806
11396,806
11397,806
11398,806
11426,806
11427,"634, 650, 680"
11429,809
11430,809
11431,809
11432,809
11433,809
11446,"619, 630, 634, 641, 646, 650, 680"
11474,"619, 630, 634, 641, 650"
11475,630
11476,634
11477,641
11478,650
11543,646
11544,"619, 630, 634, 641, 650"
11545,646
11546,646
11558,500
11559,500
11560,500
11561,500
11563,500
11564,500
11565,500
11566,500
11567,500
11570,500
11572,500
11573,500
11580,806
11581,806
11607,646
11609,"24, 626, 647, 695, 702, 709, 715, 717, 719, 726, 734, 739"
11610,"24, 626, 647, 695, 702, 709, 715, 717, 719, 726, 734, 739"
11611,"24, 626, 647, 695, 702, 709, 715, 717, 719, 726, 734, 739"
11612,"24, 626, 647, 695, 702, 709, 715, 717, 719, 726, 734, 739"
11628,764
11631,661
11652,"619, 630, 634, 641, 646, 650, 680"
11653,"619, 630, 634, 641, 646, 650, 680"
11674,850
11675,850
11676,850
11681,646
11683,850
11696,850
11699,850
11700,845
11701,845
11702,845
11703,845
11724,850
11731,646
11732,646
11735,646
11736,646
11737,646
11738,646
11740,596
11741,232
11742,287
11743,319
11746,"330, 331, 350"
11747,332
11748,339
11749,335
11750,162
11751,147
11752,172
11753,186
11754,"285, 294"
11755,367
11756,409
11757,"456, 474"
11758,508
11759,556
11760,850
11762,806
11763,850
11765,279
11767,850
11768,845
11769,845
11770,850
11772,"24, 626, 647, 695, 702, 709, 715, 717, 719, 726, 734, 739"
11773,850
11774,850
11775,850
11776,850
11777,850
11778,850
11779,850
11780,850
11781,850
11786,646
11787,850
11788,850
11789,850
11790,850
11796,646
11802,646
11841,646
11846,"619, 646"
11856,291
11861,862
11868,863
11869,339
11874,850
11875,850
11915,909
11918,407
11919,407
11920,407
11921,407
11928,909
11929,809
11930,909
11941,115
11948,909
11949,909
11987,909
11988,909
11989,909
11990,909
11991,909
11992,909
11993,909
11994,909
11995,909
11996,909
11997,909
11998,909
11999,909
12000,909
12001,909
12002,909
12004,903
12005,903
12007,903
12008,903
12009,903
12020,909
12026,"830, 921"
12028,"830, 921"
12030,909
12046,909
12065,909
12066,"830, 921"
12067,909
12069,"830, 921"
12071,"24, 626, 647, 695, 702, 709, 715, 717, 719, 726, 734, 739"
12072,"24, 626, 647, 695, 702, 709, 715, 717, 719, 726, 734, 739"
12073,"830, 921"
12074,"830, 921"
12076,"830, 921"
12077,"830, 921"
12078,"830, 921"
12079,"285, 294, 328, 367, 409"
12081,"830, 921"
12083,"830, 921"
12084,"830, 921"
12087,895
12101,"830, 921"
12102,"830, 921"
12103,"830, 921"
12104,"830, 921"
12110,909
12111,909
12129,909
12257,909
12270,934
12272,934
12273,934
12292,650
12297,147
12302,147
12309,147
12310,147
12311,147
12312,147
12313,147
12314,147
12315,147
12316,147
12317,147
12318,147
12319,147
12320,147
12321,147
12322,147
12323,147
12324,147
12325,147
12326,147
12327,147
12328,147
12329,147
12330,147
12332,147
12333,147
12334,147
12335,147
12336,147
12337,147
12338,147
12339,147
12340,147
12341,147
12342,147
12343,147
12344,147
12345,147
12346,147
12347,147
12348,147
12349,147
12350,147
12351,147
12352,147
12360,147
12361,147
12362,147
12363,147
12364,147
12365,147
12366,147
12367,147
12368,147
12369,147
12372,147
12373,147
12384,147
12385,147
12386,147
12387,147
12388,147
12395,147
12396,147
12397,147
12398,147
12399,147
12400,147
12404,907
12405,907
12406,907
12407,907
12408,907
12409,907
12410,907
12411,907
12412,907
12416,627
12429,56
12430,47
12431,627
12439,627
12455,"47, 52"
12456,"48, 56"
12457,974
12462,974
12473,895
12478,864
12479,"862, 863, 864, 875, 1164"
12480,862
12481,862
12482,"862, 863, 864, 875"
12483,1015
12484,1015
12488,1015
12489,"1015, 1162"
12490,1015
12495,1015
12496,942
12497,896
12498,1041
12499,1041
12500,1041
12501,1041
12502,1041
12503,1038
12504,1038
12505,1038
12506,1038
12507,1038
12508,1038
12509,"876, 895, 896, 942, 1164"
12510,"862, 863, 864, 875, 1161"
12521,1148
12522,1148
12523,1148
12524,1148
12526,1148
12527,1148
12529,1148
12530,1148
12531,1148
12532,1148
12533,1148
12535,1148
12536,1148
12548,936
12549,1041
12550,936
12551,1148
12555,875
12556,895
12557,896
12558,942
12559,862
12560,864
12561,863
12571,"862, 863, 864, 875, 876, 895, 896, 942, 1355, 1462"
12572,"62, 862, 863, 864, 875, 876, 895, 896, 942, 1355"
12573,"862, 863, 864, 875, 876, 895, 896, 942, 1355, 1462"
12574,863
12575,862
12576,864
12577,895
12578,942
12579,896
12582,876
12587,"862, 863, 864, 875, 876, 895, 896, 942"
12588,863
12593,"876, 895, 896, 942, 1161"
12600,1039
12601,1039
12602,1039
12604,"862, 863, 864, 875, 876, 895, 896, 942, 1355, 1462"
12605,"862, 863, 864, 875, 876, 895, 896, 942, 1355, 1462"
12614,862
12719,862
12721,1004
12722,1004
12723,1004
12726,1162
12727,1162
12738,"1161, 1164"
12739,"1161, 1164"
12740,"1161, 1164"
12741,"1161, 1164"
12771,863
12772,1148
12806,1148
12807,"934, 936, 974, 1004, 1010, 1015, 1038, 1039, 1041, 1162"
12812,"934, 936, 974, 1004, 1010, 1015, 1038, 1039, 1041, 1162"
12823,1148
12824,934
12825,934
12826,934
12828,1148
12830,1148
12831,936
12832,936
12833,936
12835,1039
12836,1148
12837,1039
12838,1039
12840,974
12841,974
12842,974
12844,1010
12845,1010
12846,1010
12847,1162
12848,1004
12849,864
12851,862
12852,895
12853,942
12854,1010
12855,1010
12867,"1161, 1164"
12869,"1161, 1164"
12870,"1161, 1164"
12872,"1161, 1164"
12891,"876, 895, 896, 942, 1161"
12896,"1161, 1164"
12898,"1161, 1164"
12899,"1161, 1164"
12918,1473
12937,1148
12938,1148
12939,895
12940,942
12941,896
12942,863
12943,864
12944,862
12947,"862, 863, 864, 875, 876, 895, 896, 942"
12948,863
12949,864
12950,862
12951,895
12952,896
12953,942
12954,895
12955,"862, 863, 864, 875, 876, 895, 896, 942"
12956,"862, 863, 864, 875, 876, 895, 896, 942"
12957,862
12988,"862, 863, 864, 875, 876, 895, 896, 942"
12989,"862, 863, 864, 875, 876, 895, 896, 942"
12991,1148
12995,896
12997,"876, 895, 896, 942, 1161"
12998,936
13009,864
13011,864
13014,864
13016,864
13017,864
13018,864
13020,862
13021,863
13022,863
13023,863
13024,863
13025,863
13026,863
13027,"862, 863, 864, 875"
13028,863
13029,"862, 863, 864, 875"
13030,862
13035,862
13036,"862, 863, 864, 875, 1164"
13038,862
13039,862
13041,864
13042,942
13045,942
13046,942
13047,942
13048,"862, 863"
13049,895
13050,895
13051,942
13053,942
13054,942
13056,"1161, 1164"
13057,895
13058,895
13059,895
13060,895
13061,"876, 895, 896, 942, 1161"
13062,942
13064,896
13075,"934, 936, 974, 1004, 1010, 1015, 1038, 1039, 1041, 1162"
13079,"934, 936, 974, 1004, 1010, 1015, 1038, 1039, 1041, 1162"
13080,"934, 936, 974, 1004, 1010, 1015, 1038, 1039, 1041, 1162"
13082,896
13083,896
13087,896
13094,896
13144,"862, 863, 864, 875, 876, 895, 896, 942"
13186,500
13188,500
13189,500
13190,500
13191,500
13192,500
13194,500
13250,"862, 863, 864, 875, 876, 895, 896, 942, 1355, 1462"
13251,876
13263,875
13269,226
13283,"862, 863, 864, 875, 876, 895, 896, 942"
13284,"862, 863, 864, 875, 876, 895, 896, 942"
13285,895
13286,1352
13287,1352
13288,1352
13289,1352
13290,1352
13291,1352
13292,1352
13293,1352
13294,"862, 863, 864, 875, 1164"
13295,1352
13298,1352
13299,1352
13300,1352
13311,1352
13312,1352
13313,1352
13314,1352
13315,1352
13316,1352
13317,"862, 863, 864, 875, 876, 895, 896, 942"
13322,1352
13323,1352
13325,1352
13345,1352
13383,1352
13384,"876, 895, 1161"
13385,1352
13387,"862, 863, 864, 875, 876, 895, 896, 942"
13388,"862, 863, 864, 875, 876, 895, 896, 942"
13401,1352
13402,"862, 863, 864, 875, 876, 895, 896, 942"
13403,"862, 863, 864, 875, 876, 895, 896, 942"
13410,1352
13414,1345
13416,1345
13417,1345
13418,1345
13419,1345
13425,1352
13426,863
13429,"863, 875, 876, 942"
13430,1352
13431,1352
13437,864
13438,862
13439,862
13440,862
13441,862
13448,"934, 936, 974, 1004, 1010, 1015, 1038, 1039, 1041, 1162"
13449,"934, 936, 974, 1004, 1010, 1015, 1038, 1039, 1041, 1162"
13466,"862, 863, 875, 876, 895, 1164"
13467,"876, 895, 1161"
13470,1462
13472,1462
13473,1462
13474,1462
13475,1462
13476,1462
13477,1462
13478,1462
13479,1462
13482,1462
13501,1345
13506,1345
13512,"862, 863, 864, 875, 876, 895, 896, 942"
13513,1462
13517,"862, 863, 864, 875, 876, 895, 896, 942, 1161, 1164"
13541,1462
13542,862
13545,1490
13549,1355
13553,1462
13555,1462
13556,1462
13557,1462
13558,1355
13559,1355
13568,1355
13569,1355
13570,1462
13571,1512
13572,1473
13573,862
13624,1490
13627,317
13628,1512
13629,1512
13633,1512
13635,1355
13638,1355
13645,1355
13684,1512
13686,1462
13687,1512
13690,1355
13691,1355
13692,1355
13696,1462
13698,1490
13699,1355
13700,1462
13704,1355
13706,1490
13707,1355
13708,1462
13709,1355
13710,1355
13711,1355
13712,1355
13713,1355
13716,1512
13718,1512
13719,1512
13720,1355
13722,1355
13723,1490
13724,1512
13725,1512
13726,1512
13727,1512
13728,1512
13729,1512
13730,1512
13731,1512
13732,1512
13733,1512
13743,1355
13744,1355
13745,1355
13746,1355
13747,1355
13748,1355
13749,1355
13750,1355
13751,1355
13752,1355
13753,1355
13754,1355
13755,1355
13756,1355
13757,1355
13758,1355
13759,1355
13760,1355
13761,1355
13762,1355
13763,1355
13764,1355
13765,1355
13766,317
13767,1512
13768,1512
13769,1473
13770,1473
13771,1473
13772,1473
13773,1473
13775,1473
13776,1462
13777,1473
13779,1473
13780,"934, 936, 974, 1004, 1010, 1015, 1038, 1039, 1041, 1162"
13781,"934, 936, 974, 1004, 1010, 1015, 1038, 1039, 1041, 1162"
13784,1512
13785,1512
13789,1490
13790,1462
13791,1462
13836,1355
13878,1525
13924,"875, 876"
13925,"875, 876"
13928,91
13930,91
13990,1580
13994,"1469, 1473"
13998,1473
13999,1580
14008,1580
14019,1580
14020,242
14021,"226, 242, 279, 291, 317"
14023,1580
14024,1580
14026,1580
14037,1580
14038,1580
14041,1580
14043,1580
14044,1580
14045,1580
14046,1580
14048,1580
14049,1580
14050,1580
14051,1580
14052,1580
14054,1580
14055,1580
14058,1580
14060,"1469, 1473"
14061,"1469, 1473"
14062,"1469, 1473"
14063,"1469, 1473"
14064,"1469, 1473"
14065,"1469, 1473"
14066,"1469, 1473"
14067,"1469, 1473"
14068,1580
14069,1580
14139,1580
14140,"1469, 1473"
14143,"1469, 1473"
14144,"934, 936, 974, 1004, 1010, 1015, 1038, 1039, 1041, 1162, 1490"
14145,"934, 936, 974, 1004, 1010, 1015, 1038, 1039, 1041, 1162, 1490"
14146,1580
14147,1580
14148,1580
14153,1527
14154,1530
14155,1527
14156,1530
14157,"875, 876"
14158,"1527, 1530"
14159,"1527, 1530"
14160,"1527, 1530"
14161,"1527, 1530"
14162,"1469, 1473"
14164,1565
14165,"1469, 1473"
14166,"1469, 1473"
14167,"1469, 1473"
14168,"1469, 1473"
14169,"1469, 1473"
14170,"1469, 1473"
14171,"1469, 1473"
14172,"1469, 1473"
14173,"1469, 1473"
14175,519
14183,"875, 876"
14186,519
14187,519
14188,519
14193,1580
14194,1580
14195,1580
14196,1580
14197,1675
14198,1675
14199,1675
14206,1536
14233,1525
14272,1525
14273,1525
14274,1525
14276,1525
14277,1525
14280,"1525, 1533, 1536, 1550, 1565"
14281,1533
14284,1663
14285,1666
14286,1675
14289,1675
14290,1675
14291,1669
14292,1674
14293,1735
14294,1735
14295,1666
14296,1674
14297,1683
14303,1533
14304,1565
14305,1536
14306,1525
14307,1533
14308,1536
14309,1565
14310,1525
14311,1533
14312,1536
14313,1565
14314,1525
14315,"1525, 1533, 1536, 1550, 1565"
14320,1666
14322,"1663, 1666, 1669, 1674, 1675, 1677, 1683, 1692"
14323,1692
14324,1692
14325,1692
14326,1692
14327,1692
14331,1692
14334,1543
14335,1533
14336,1536
14337,1565
14338,1525
14339,1533
14347,1674
14352,1663
14353,1565
14354,1677
14355,1735
14356,1735
14357,1735
14358,1735
14359,1735
14360,1735
14361,1735
14362,1735
14363,1735
14364,1735
14365,1735
14366,1666
14367,1666
14368,1666
14369,1674
14370,1663
14371,1669
14372,1683
14373,1677
14374,1677
14375,1669
14376,1735
14408,1677
14409,1677
14410,1663
14411,1663
14412,1669
14413,1669
14414,1674
14415,1674
14416,1683
14417,1683
14418,"1663, 1666, 1669, 1674, 1675, 1677, 1683, 1692"
14460,1735
14461,1735
14463,1618
14468,1618
14469,1618
14470,1618
14471,1618
14472,1618
14473,1618
14478,1618
14483,1618
14488,1618
14493,1618
14498,1618
14499,1618
14500,1618
14501,1618
14502,"1707, 1711"
14503,1669
14504,1565
14505,1565
14506,1565
14507,1565
14508,1565
14509,1565
14510,1565
14511,1565
14512,1525
14513,1536
14514,1533
14515,"1525, 1533, 1536, 1550, 1565"
14516,"1525, 1533, 1536, 1550, 1565"
14519,"1525, 1533, 1536, 1550, 1565"
14523,1735
14524,1735
14525,1735
14531,"1663, 1666, 1669, 1674, 1675, 1677, 1683, 1692"
14532,"1663, 1666, 1669, 1674, 1675, 1677, 1683, 1692"
14533,1683
14567,1663
14568,1618
14569,1618
14570,1618
14606,1677
14607,1683
14608,1735
14610,1735
14614,1735
14617,1735
14619,1735
14626,1536
14627,"1698, 1699, 1701, 1707"
14628,"1698, 1699, 1701, 1707"
14629,"1698, 1699, 1701, 1707"
14630,"1698, 1699, 1701, 1707"
14631,"1698, 1699, 1701, 1707"
14632,"1698, 1699, 1701, 1707"
14633,"1698, 1699, 1701, 1707"
14634,1536
14636,"1698, 1699, 1701, 1707"
14637,"1698, 1699, 1701, 1707"
14638,"1698, 1699, 1701, 1707"
14639,"1698, 1699, 1701, 1707"
14656,1543
14658,1543
14659,1543
14660,1543
14663,1543
14670,"1662, 1701"
14671,1565
14672,1565
14675,"1662, 1701"
14676,"1662, 1701"
14677,"1662, 1701"
14678,"1644, 1699"
14679,"1644, 1699"
14680,"1644, 1699"
14681,"1644, 1699"
14682,"1644, 1699"
14683,"1644, 1699"
14684,1698
14715,1735
14717,1735
14718,1735
14721,1536
14723,"1644, 1699"
14724,"1644, 1699"
14725,"1644, 1699"
14726,"1644, 1699"
14727,"1644, 1699"
14728,"525, 535, 539, 542, 543, 550, 572"
14729,"619, 630, 634, 641, 650, 680"
14730,"862, 863, 864, 875, 876, 895, 896, 942"
14731,"1525, 1533, 1536, 1550, 1565"
14733,1533
14734,1533
14735,1533
14737,1533
14738,1543
14741,1533
14742,1543
14743,1543
14744,1543
14745,1543
14746,1543
14747,1543
14748,1698
14749,"1644, 1699"
14750,118
14751,1698
14752,1698
14753,1698
14754,1618
14755,1618
14758,"1525, 1533, 1536, 1550, 1565"
14759,1618
14760,1618
14761,1543
14762,1533
14763,1698
14764,1698
14765,1525
14766,1525
14767,1533
14768,1533
14769,1525
14770,1525
14771,1525
14772,1525
14773,1618
14774,1565
14775,"1662, 1701"
14776,1618
14777,"1698, 1699, 1701, 1707"
14778,1618
14779,1565
14780,"1662, 1701"
14788,1565
14789,"1662, 1701"
14790,"1698, 1699, 1701, 1707"
14791,1565
14795,1618
14798,1525
14799,1536
14800,1565
14801,1533
14802,1536
14808,1618
14809,1618
14810,1618
14815,84
14817,85
14825,"1525, 1533, 1536, 1550, 1565"
14833,1698
14834,"1698, 1699, 1701, 1707"
14835,"1698, 1699, 1701, 1707"
14836,"1698, 1699, 1701, 1707"
14837,"1698, 1699, 1701, 1707"
14839,"1698, 1699, 1701, 1707"
14840,"1698, 1699, 1701, 1707"
14841,"1698, 1699, 1701, 1707"
14842,"1698, 1699, 1701, 1707"
14843,"1698, 1699, 1701, 1707"
14844,"1698, 1699, 1701, 1707"
14845,"1698, 1699, 1701, 1707"
14846,"1698, 1699, 1701, 1707"
14847,"1698, 1699, 1701, 1707"
14851,"1707, 1711"
14852,"1707, 1711"
14853,"1707, 1711"
14854,"1707, 1711"
14856,"1707, 1711"
14857,"1707, 1711"
14858,"1707, 1711"
14859,"1707, 1711"
14860,"1707, 1711"
14861,"1707, 1711"
14862,"1707, 1711"
14863,"1707, 1711"
14864,"1707, 1711"
14865,"1707, 1711"
14866,"1707, 1711"
14887,"1707, 1711"
14894,1543
14895,1543
14938,"1663, 1666, 1669, 1674, 1675, 1677, 1683, 1692"
14943,1543
14961,1543
14998,1998
15000,1543
15001,1543
15003,1998
15004,1543
15023,"1698, 1699, 1701, 1707"
15024,"1698, 1699, 1701, 1707"
15025,"1698, 1699, 1701, 1707"
15032,1543
15033,1543
15034,1543
15035,1543
15036,1543
15037,1543
15039,1543
15040,1998
15041,1543
15042,1543
15043,1543
15044,1543
15045,1666
15046,1674
15047,1669
15048,1663
15049,1692
15050,1683
15051,1677
15052,1675
15053,1961
15054,1543
15055,1961
15056,1961
15057,1961
15058,1998
15059,1961
15064,"1543, 1550, 1961"
15065,1998
15066,1961
15067,1618
15069,1961
15073,"1663, 1666, 1669, 1674, 1675, 1677, 1683, 1692"
15075,1618
15076,1618
15077,"1663, 1666, 1669, 1674, 1675, 1677, 1683, 1692"
15078,"1663, 1666, 1669, 1674, 1675, 1677, 1683, 1692"
15079,1618
15080,1618
15081,1618
15082,1618
15083,1618
15084,1618
15087,1618
15088,1618
15089,1618
15091,1618
15092,1618
15093,1618
15094,1618
15095,1618
15096,1618
15099,1961
15105,1998
15106,1989
15107,"1543, 1961"
15108,1998
15109,1989
15110,1998
15112,1998
15113,1998
15114,1998
15115,1998
15116,1998
15117,1998
15118,1998
15119,1998
15120,1998
15121,1998
15122,1998
15123,1998
15124,1998
15125,1998
15126,1998
15127,1998
15128,1998
15130,1998
15131,1998
15132,1998
15133,1998
15134,1998
15135,1998
15177,1989
15178,1989
15179,1989
15190,1989
15191,1998
15211,1970
15212,407
15213,407
15214,407
15215,407
15216,407
15217,407
15220,1970
15221,407
15222,407
15223,407
15224,1970
15229,1970
15241,"1698, 1699, 1701, 1707"
15251,1618
15252,1618
15253,1618
15254,1618
15255,1618
15256,1618
15257,1618
15258,1618
15259,1970
15314,1618
15315,2047
15316,1618
15317,1618
15318,1618
15319,1618
15320,1618
15322,1618
15324,1618
15325,2100
15327,"1663, 1666, 1669, 1674, 1675, 1677, 1683, 1692"
15331,1970
15336,1970
15381,2047
15386,2047
15388,"1525, 1533, 1536, 1550, 1565"
15391,1970
15392,1970
15394,2023
15396,2047
15397,2047
15398,2047
15399,2047
15400,2047
15401,2047
15402,1970
15404,1970
15406,1970
15407,1970
15409,2047
15410,1970
15411,1970
15416,2047
15417,2047
15418,2047
15419,2047
15468,2047
15469,2047
15470,2047
15471,2047
15478,2047
15479,2047
15480,2047
15481,2047
15482,2047
15483,2047
15484,2047
15485,2047
15486,2047
15487,2047
15488,2047
15489,2047
15490,2047
15491,2047
15492,2047
15493,2047
15494,2047
15496,"1663, 1666, 1669, 1674, 1675, 1677, 1683, 1692"
15498,"1663, 1666, 1669, 1674, 1675, 1677, 1683, 1692"
15499,"1663, 1666, 1669, 1674, 1675, 1677, 1683, 1692"
15500,1989
15502,1970
15506,"1663, 1666, 1669, 1674, 1675, 1677, 1683, 1692"
15508,1970
15509,1970
15512,1970
15513,1970
15514,1970
15515,1970
15518,1970
15542,1970
15579,18
15638,2100
15646,"1698, 1699, 1701, 1707"
15647,"1698, 1699, 1701, 1707"
15648,1543
15649,"1698, 1699, 1701, 1707"
15650,1989
15651,"1663, 1666, 1669, 1674, 1675, 1677, 1683, 1692"
15652,1989
15663,1735
15664,1735
15665,1735
15667,1998
15668,1998
15669,1998
15681,2047
15682,2047
15683,2047
15684,"1735, 1998, 2047"
15685,"1735, 1998, 2047"
15687,"1735, 1998, 2047"
15688,"595, 606, 809, 1490"
15689,"595, 606, 809, 1490"
15690,"595, 606, 809, 1490"
15691,"1663, 1666, 1669, 1674, 1675, 1677, 1683, 1692"
15692,809
15693,1490
15694,595
15695,606
15889,2024
15890,"1978, 2022, 2023, 2024, 2025"
15915,2022
15916,2022
15917,2022
15918,2023
15919,2023
15920,2023
15921,2024
15922,2024
15923,2024
15924,2025
15925,2025
15926,2025
15927,2022
15928,2022
15929,2022
15930,2023
15931,2023
15932,2023
15933,2024
15934,2024
15935,2024
15936,2025
15937,2025
15938,2025
15985,2022
15986,2022
15987,2022
15988,2022
15989,2022
15990,2022
15991,2022
16051,2022
16052,2022
16053,2022
16054,2023
16055,2023
16056,2023
16057,2023
16058,2023
16059,2023
16060,2023
16061,2023
16062,2023
16063,2023
16064,2024
16065,2024
16066,2024
16067,2024
16068,2024
16069,2024
16070,2024
16071,2024
16072,2024
16073,2024
16098,2025
16099,2025
16100,2025
16101,2025
16102,2025
16103,2025
16104,2025
16105,2025
16106,2025
16107,2025
16110,2096
16255,2096
16256,2096
16257,2096
16260,2082
16261,2082
16262,2082
16263,2080
16264,2080
16265,2080
16266,2094
16267,2094
16268,2094
16269,2097
16270,2097
16271,2097
16272,2073
16273,2073
16274,2073
16275,2093
16276,2093
16277,2093
16278,2071
16279,2071
16280,2071
16281,2071
16282,2071
16291,"1978, 2022, 2023, 2024, 2025"
16292,"1978, 2022, 2023, 2024, 2025"
16296,2096
16297,2022
16298,"1978, 2022, 2023, 2024, 2025"
16299,2023
16300,2024
16301,2025
16317,2024
16320,2094
16321,2024
16322,2024
16323,"1978, 2022, 2023, 2024, 2025"
16329,2097
16330,2073
16331,2073
16334,2022
16335,2119
16336,2024
16337,2071
16338,"1978, 2022, 2023, 2024, 2025"
16343,2119
16345,2119
16346,2119
16347,2119
16348,2119
16349,2119
16350,2119
16351,2119
16352,2119
16353,2119
16354,2119
16355,2119
16363,2025
16364,2119
16365,2119
16395,2119
16398,2025
16400,2022
16401,2022
16402,2094
16404,2096
16405,2023
16406,2022
16409,2022
16410,2022
16411,2022
16412,2022
16419,2119
16423,2023
16424,2023
16426,2082
16427,2082
16428,2024
16430,2096
16431,"10, 15, 78"
16432,2080
16434,2097
16438,2080
16440,2094
16441,2097
16442,2119
16443,2024
16444,2024
16445,2073
16446,"1978, 2022, 2023, 2024, 2025"
16447,2093
16450,2119
16451,2119
16452,2100
16453,2080
16456,2093
16457,2023
16458,2119
16460,2024
16462,2023
16463,2022
16465,2022
16466,2022
16467,2022
16468,2022
16474,2024
16475,2023
16476,2023
16477,2023
16478,2023
16479,2023
16480,2024
16481,2024
16482,2024
16483,2024
16484,2024
16485,2025
16486,2025
16487,2025
16488,2025
16489,2025
16493,2022
16494,2022
16495,2022
16496,2022
16497,2022
16517,2082
16518,2025
16531,2024
16532,2022
16533,2024
16536,2022
16537,2024
16539,2022
16540,2023
16541,2023
16542,2023
16543,2023
16544,2023
16545,2023
16546,2024
16547,2024
16548,2024
16550,2024
16551,2024
16552,2024
16553,2024
16556,2112
16560,"1978, 2022, 2023, 2024, 2025"
16561,2024
16562,2024
16563,2024
16564,2024
16565,2024
16566,"1978, 2022, 2023, 2024, 2025"
16567,"1978, 2022, 2023, 2024, 2025"
16568,"1978, 2022, 2023, 2024, 2025"
16569,2024
16570,"1978, 2022, 2023, 2024, 2025"
16571,"1978, 2022, 2023, 2024, 2025"
16572,"1978, 2022, 2023, 2024, 2025"
16573,"1978, 2022, 2023, 2024, 2025"
16574,2023
16575,2022
16576,2023
16577,2024
16578,2025
16580,2024
16581,2024
16583,2023
16584,2022
16585,"1978, 2022, 2023, 2024, 2025"
16587,"1978, 2022, 2023, 2024, 2025"
16588,"1978, 2022, 2023, 2024, 2025"
16589,"1978, 2022, 2023, 2024, 2025"
16590,"1978, 2022, 2023, 2024, 2025"
16591,"1978, 2022, 2023, 2024, 2025"
16592,2022
16593,2025
16594,2024
16595,2023
16599,"1978, 2022, 2023, 2024, 2025"
16600,"1978, 2022, 2023, 2024, 2025"
16601,"1978, 2022, 2023, 2024, 2025"
16602,2093
16603,"1978, 2022, 2023, 2024, 2025"
16611,"1978, 2022, 2023, 2024, 2025"
16612,"1978, 2022, 2023, 2024, 2025"
16613,"1978, 2022, 2023, 2024, 2025"
16614,"1978, 2022, 2023, 2024, 2025"
16615,"1978, 2022, 2023, 2024, 2025"
16616,"1978, 2022, 2023, 2024, 2025"
16620,2093
16621,2025
16622,2024
16623,"1978, 2022, 2023, 2024, 2025"
16624,"1978, 2022, 2023, 2024, 2025"
16625,"1978, 2022, 2023, 2024, 2025"
16634,"2025, 2112"
16638,2024
16639,2071
16640,2094
16641,2093
16642,2096
16643,2097
16644,2080
16645,2073
16646,2082
16658,761
16659,703
16660,574
16661,429
16666,2025
16667,2025
16668,2022
16669,2022
16670,2023
16671,2023
16672,2024
16673,2024
16676,2022
16677,2023
16678,2024
16679,2025
16683,"1978, 2022, 2023, 2024, 2025"
16729,"1978, 2022, 2023, 2024, 2025"
16731,"1644, 1699"
16736,2022
16758,"1978, 2022, 2023, 2024, 2025"
16760,2022
16761,"1978, 2022, 2023, 2024, 2025"
16762,2096
16808,"1978, 2022, 2023, 2024, 2025"
17107,2119
17108,2119
17110,2119
17111,2119
17112,2119
17119,2119
17195,2022
17196,2022
17197,2022
17198,2023
17199,2023
17200,2023
17201,2024
17202,2024
17203,2024
17204,2025
17205,2025
17206,2025
17279,2100
17280,2100
17281,2100
17284,2100
17286,2100
17287,2100
17288,2100
17289,2100
17290,2100
17294,2100
17296,2100
17298,2100
17315,2100
17335,"1978, 2022, 2023, 2024, 2025"
17336,"1978, 2022, 2023, 2024, 2025"
17342,"2025, 2085"
17343,"2025, 2085"
17345,"1978, 2022, 2023, 2024, 2025"
17366,50
17397,2100
17398,2100
17399,2100
17400,2100
17401,2100
17402,2100
17403,2100
17404,2100
17405,2100
17411,2100
17413,2100
17427,2024
17483,2133
17484,2133
17485,2133
17486,2133
17487,2133
17488,2133
17489,2133
17490,2133
17491,2133
17492,2133
17493,2133
17494,2133
17506,"2023, 2024"
17509,2100
17510,2133
17511,2133
17512,2133
17513,2133
17514,2133
17515,2133
17516,2133
17517,2133
17524,2100
17525,2100
17526,2100
17527,2100
17528,2100
17529,2100
17530,2100
17531,2100
17532,2100
17534,2100
17540,2100
17543,2100
17546,2023
17560,"1978, 2022, 2023, 2024, 2025"
17561,2022
17562,2023
17563,2024
17564,2025
17567,2133
17734,2112
17735,"2023, 2024"
17739,"1978, 2022, 2023, 2024, 2025"
17741,2133
17765,2166
17766,2133
17773,2024
17781,2133
17782,2112
17783,2133
17785,2133
17786,2133
17830,"1978, 2022, 2023, 2024, 2025"
17832,2133
17833,2133
17841,2133
17847,325
17848,936
17849,1041
17850,731
17851,2133
17852,2133
17877,2166
17878,2133
17977,"1978, 2022, 2023, 2024, 2025"
17978,"1978, 2022, 2023, 2024, 2025"
18027,2166
18100,2133
18149,2166
18150,2133
18151,2166
18152,2166
18153,2166
18154,2166
18155,2166
18156,2166
18157,2166
18158,2166
18159,2166
18160,2166
18161,2166
18162,2166
18163,2166
18164,2166
18165,2166
18167,2166
18168,2166
18172,2166
18173,2166
18193,2166
18228,2166
18229,2166
18230,2166
18251,2166
18253,2166
18254,2166
18255,2133
18256,2166
18257,2133
18271,2133
18284,2133
18361,2133
18368,476
18380,2166
18383,2112
18384,2112
18539,2190
18554,2025
18556,2190
18558,476
18559,2022
18589,2190
18612,2190
18615,2025
18635,2025
18636,2025
18637,2025
18638,2025
18639,2025
18640,2025
18641,2025
18703,2190
18704,2190
18705,2190
18706,2190
18748,2022
18749,2022
18750,2022
18754,2023
18755,2023
18756,2023
18757,2024
18758,2024
18759,2024
18760,2025
18761,2025
18762,2025
18779,2100
18780,2100
18781,2100
18786,2133
18787,2133
18788,2133
18854,"84, 85, 830, 921"
18867,"2023, 2024"
18958,"1978, 2022, 2023, 2024, 2025"
19013,2200
19026,2200
19082,322
19083,620
19084,751
19085,733
19086,1015
19087,934
19088,2190
19089,2232
19109,2200
19110,2200
19111,2200
19112,2200
19113,2200
19114,2200
19115,2200
19116,2200
19117,2200
19118,2200
19119,2200
19120,2200
19121,2200
19122,2200
19123,2200
19124,2200
19125,2200
19126,2200
19127,2200
19128,2200
19129,2200
19193,2232
19194,2200
19196,2200
19198,2200
19293,2200
19294,2200
19296,2200
19297,2200
19298,2200
19299,2200
19300,2200
19301,2200
19302,2200
19303,2200
19306,2200
19309,2200
19310,2200
19312,2200
19313,2200
19315,2200
19316,2200
19317,2200
19318,2200
19319,2232
19320,2232
19321,2232
19322,2232
19331,2232
19333,2232
19334,2232
19335,2232
19336,2232
19337,2232
19338,2232
19339,2232
19340,2232
19341,2232
19342,2232
19343,2232
19344,2232
19345,2232
19346,2232
19347,2232
19349,2232
19350,2232
19351,2232
19390,2232
19393,2232
19394,2232
19396,2232
19420,2232
19442,2232
19450,2232
19461,2200
19463,"1978, 2022, 2023, 2024, 2025"
19466,"1978, 2022, 2023, 2024, 2025"
19478,"1978, 2022, 2023, 2024, 2025"
19479,2022
19481,2023
19482,2024
19483,"1978, 2022, 2023, 2024, 2025"
19485,2025
19486,"1978, 2022, 2023, 2024, 2025"
19507,2025
19559,2213
19560,2214
19564,2119
19565,2119
19566,2119
19567,2166
19568,2166
19569,2166
19570,2232
19571,2232
19572,2232
19574,"2119, 2166, 2232"
19575,"2119, 2166, 2232"
19576,"2119, 2166, 2232"
19872,371
19873,376
19874,418
19875,379
19876,390
19877,388
19878,422
19879,418
19880,504
19882,371
19883,371
19884,376
19885,418
19886,418
19887,379
19888,379
19889,388
19890,422
19891,418
19892,504
19893,447
19894,429
19895,429
19896,439
19897,439
19898,443
19899,443
19900,457
19901,457
19902,437
19903,437
19904,453
19905,453
19906,431
19907,431
19908,435
19909,435
19910,476
19911,476
19912,371
19913,390
19914,388
19915,422
19916,390
19917,418
19918,418
19919,504
19920,504
19921,504
19922,554
19923,448
19924,447
19925,450
19926,452
19927,480
19928,481
19929,481
19930,451
19931,487
19932,498
19933,488
19934,524
19935,524
19936,524
19937,524
19938,416
19939,416
19940,523
19941,523
19942,520
19943,520
19946,471
19947,471
19948,471
19949,474
19950,474
19951,474
19952,456
19953,456
19954,456
19955,508
19956,508
19957,508
19958,556
19959,556
19960,556
19961,556
19962,371
19963,376
19964,418
19965,379
19966,388
19967,422
19970,554
19977,371
19978,376
19979,418
19980,379
19981,388
19982,554
19993,371
19994,376
19995,418
19996,379
19997,388
19998,422
19999,418
20000,504
20001,554
20002,554
20003,554
20008,371
20009,376
20011,379
20012,388
20014,390
20015,504
20016,554
20017,376
20018,379
20019,504
20020,507
20021,554
20022,554
20023,554
20024,554
20025,554
20026,371
20027,376
20028,418
20029,379
20030,388
20031,422
20069,390
20118,2248
20206,"1978, 2022, 2023, 2024, 2025"
20500,486
20579,2315
20580,2341
20581,2308
20582,2343
20583,2335
20584,2303
20585,2359
20586,2357
20587,1162
20588,293
20594,2215
20595,2248
20598,2215
40082,2215
40083,2248
40084,2214
40085,2215
40086,2213
40098,"2249, 2250, 2251, 2259, 2269, 2277, 2299, 2300, 2302, 2310, 2312, 2313, 2348, 2396, 2420, 2425, 2452, 2484"
40100,"2249, 2250, 2251, 2259, 2269, 2277, 2299, 2300, 2302, 2310, 2312, 2313, 2348, 2396, 2420, 2425, 2452, 2484"
40103,2348
40150,2215
40151,2215
40166,2248
40232,2291
40236,2291
40237,2291
40238,2291
40239,2291
40240,2291
40241,2291
40242,2291
40243,2291
40244,2291
40245,2291
40246,2291
40247,2291
40248,2291
40249,2291
40253,2291
40254,2291
40255,2291
40260,2291
40261,2291
40262,2291
40263,2291
40264,2291
40266,2291
40308,2215
40311,2215
40312,2215
40313,2215
40316,2248
40317,2248
40318,2248
40319,2248
40320,2248
40321,2248
40322,2248
40323,2248
40324,2248
40325,2214
40326,2214
40327,2214
40328,2214
40329,2214
40330,2214
40331,2214
40332,2214
40333,2214
40334,2215
40335,2215
40336,2215
40337,2215
40338,2215
40339,2215
40340,2215
40341,2215
40342,2215
40343,2213
40344,2213
40345,2213
40346,2213
40347,2213
40348,2213
40349,2213
40350,2213
40351,2213
40360,2215
40361,2335
40363,2335
40366,2335
40370,2357
40374,2357
40375,2357
40376,2343
40377,2343
40379,2343
40427,2303
40428,2303
40429,2303
40431,2348
40433,2348
40434,2248
40435,2248
40436,"2249, 2250, 2251, 2259, 2269, 2277, 2299, 2300, 2302, 2310, 2312, 2313, 2348, 2396, 2420, 2425, 2452, 2484, 2502, 2503, 2505, 2506, 2510, 2525, 2528, 2535, 2545, 2547"
40437,"2249, 2250, 2251, 2259, 2269, 2277, 2299, 2300, 2302, 2310, 2312, 2313, 2348, 2396, 2420, 2425, 2452, 2484"
40438,"2249, 2250, 2251, 2259, 2269, 2277, 2299, 2300, 2302, 2310, 2312, 2313, 2348, 2396, 2420, 2425, 2452, 2484"
40445,"2249, 2250, 2251, 2259, 2269, 2277, 2299, 2300, 2302, 2310, 2312, 2313, 2348, 2396, 2420, 2425, 2452, 2484"
40446,"2249, 2250, 2251, 2259, 2269, 2277, 2299, 2300, 2302, 2310, 2312, 2313, 2348, 2396, 2420, 2425, 2452, 2484"
40447,"2249, 2250, 2251, 2259, 2269, 2277, 2299, 2300, 2302, 2310, 2312, 2313, 2348, 2396, 2420, 2425, 2452, 2484"
40448,"2249, 2250, 2251, 2259, 2269, 2277, 2299, 2300, 2302, 2310, 2312, 2313, 2348, 2396, 2420, 2425, 2452, 2484"
40449,"2249, 2250, 2251, 2259, 2269, 2277, 2299, 2300, 2302, 2310, 2312, 2313, 2348, 2396, 2420, 2425, 2452, 2484"
40450,"2249, 2250, 2251, 2259, 2269, 2277, 2299, 2300, 2302, 2310, 2312, 2313, 2348, 2396, 2420, 2425, 2452, 2484"
40451,"2249, 2250, 2251, 2259, 2269, 2277, 2299, 2300, 2302, 2310, 2312, 2313, 2348, 2396, 2420, 2425, 2452, 2484"
40452,"2249, 2250, 2251, 2259, 2269, 2277, 2299, 2300, 2302, 2310, 2312, 2313, 2348, 2396, 2420, 2425, 2452, 2484"
40453,"2249, 2250, 2251, 2259, 2269, 2277, 2299, 2300, 2302, 2310, 2312, 2313, 2348, 2396, 2420, 2425, 2452, 2484"
40454,"2249, 2250, 2251, 2259, 2269, 2277, 2299, 2300, 2302, 2310, 2312, 2313, 2348, 2396, 2420, 2425, 2452, 2484"
40455,"2249, 2250, 2251, 2259, 2269, 2277, 2299, 2300, 2302, 2310, 2312, 2313, 2348, 2396, 2420, 2425, 2452, 2484"
40456,"2249, 2250, 2251, 2259, 2269, 2277, 2299, 2300, 2302, 2310, 2312, 2313, 2348, 2396, 2420, 2425, 2452, 2484"
40457,"2249, 2250, 2251, 2259, 2269, 2277, 2299, 2300, 2302, 2310, 2312, 2313, 2348, 2396, 2420, 2425, 2452, 2484"
40458,"2249, 2250, 2251, 2259, 2269, 2277, 2299, 2300, 2302, 2310, 2312, 2313, 2348, 2396, 2420, 2425, 2452, 2484"
40459,"2249, 2250, 2251, 2259, 2269, 2277, 2299, 2300, 2302, 2310, 2312, 2313"
40460,"2249, 2250, 2251, 2259, 2269, 2277, 2299, 2300, 2302, 2310, 2312, 2313, 2348, 2396, 2420, 2425, 2452, 2484, 2502, 2503, 2505, 2506, 2510, 2525, 2528, 2535, 2545, 2547"
40461,"2249, 2250, 2251, 2259, 2269, 2277, 2299, 2300, 2302, 2310, 2312, 2313, 2348, 2396, 2420, 2425, 2452, 2484"
40462,"2249, 2250, 2251, 2259, 2269, 2277, 2299, 2300, 2302, 2310, 2312, 2313, 2348, 2396, 2420, 2425, 2452, 2484, 2502, 2503, 2505, 2506, 2510, 2525, 2528, 2535, 2545, 2547"
40463,"2249, 2250, 2251, 2259, 2269, 2277, 2299, 2300, 2302, 2310, 2312, 2313, 2348, 2396, 2420, 2425, 2452, 2484, 2502, 2503, 2505, 2506, 2510, 2525, 2528, 2535, 2545, 2547"
40469,2291
40473,2214
40475,2214
40504,2214
40506,"2249, 2250, 2251, 2259, 2269, 2277, 2299, 2300, 2302, 2310, 2312, 2313, 2348, 2396, 2420, 2425, 2452, 2484"
40507,2214
40512,"2249, 2250, 2251, 2259, 2269, 2277, 2299, 2300, 2302, 2310, 2312, 2313, 2348, 2396, 2420, 2425, 2452, 2484"
40514,"2249, 2250, 2251, 2259, 2269, 2277, 2299, 2300, 2302, 2310, 2312, 2313, 2348, 2396, 2420, 2425, 2452, 2484"
40515,"2249, 2250, 2251, 2259, 2269, 2277, 2299, 2300, 2302, 2310, 2312, 2313"
40516,"2249, 2250, 2251, 2259, 2269, 2277, 2299, 2300, 2302, 2310, 2312, 2313"
40517,"2249, 2250, 2251, 2259, 2269, 2277, 2299, 2300, 2302, 2310, 2312, 2313"
40518,"2249, 2250, 2251, 2259, 2269, 2277, 2299, 2300, 2302, 2310, 2312, 2313"
40519,"2249, 2250, 2251, 2259, 2269, 2277, 2299, 2300, 2302, 2310, 2312, 2313"
40520,"2249, 2250, 2251, 2259, 2269, 2277, 2299, 2300, 2302, 2310, 2312, 2313"
40521,"2249, 2250, 2251, 2259, 2269, 2277, 2299, 2300, 2302, 2310, 2312, 2313"
40523,"2249, 2250, 2251, 2259, 2269, 2277, 2299, 2300, 2302, 2310, 2312, 2313, 2348, 2396, 2420, 2425, 2452, 2484"
40524,"2249, 2250, 2251, 2259, 2269, 2277, 2299, 2300, 2302, 2310, 2312, 2313, 2348, 2396, 2420, 2425, 2452, 2484"
40525,2249
40526,2250
40527,2269
40528,2251
40529,2302
40530,2277
40531,2312
40532,2300
40533,2310
40534,2299
40535,2259
40536,2313
40537,"2249, 2250, 2251, 2259, 2269, 2277, 2299, 2300, 2302, 2310, 2312, 2313, 2348, 2396, 2420, 2425, 2452, 2484"
40538,"2249, 2250, 2251, 2259, 2269, 2277, 2299, 2300, 2302, 2310, 2312, 2313, 2348, 2396, 2420, 2425, 2452, 2484"
40542,2213
40585,2214
40590,2308
40592,2308
40596,2308
40599,2359
40601,2359
40604,2359
40606,2248
40614,2214
40618,2215
40620,2213
40621,2315
40622,2215
40623,2214
40624,2213
40625,2215
40628,2214
40629,2213
40630,2214
40631,"2249, 2250, 2251, 2259, 2269, 2277, 2299, 2300, 2302, 2310, 2312, 2313, 2348, 2396, 2420, 2425, 2452, 2484"
40632,2213
40633,2213
40634,2213
40635,"2249, 2250, 2251, 2259, 2269, 2277, 2299, 2300, 2302, 2310, 2312, 2313, 2348, 2396, 2420, 2425, 2452, 2484"
40636,2213
40637,2315
40642,2315
40643,2341
40644,2341
40648,2341
40660,2291
40662,2214
40703,2214
40704,2215
40705,2213
40723,2291
40724,2214
40725,"2249, 2250, 2251, 2259, 2269, 2277, 2299, 2300, 2302, 2310, 2312, 2313, 2348, 2396, 2420, 2425, 2452, 2484"
40726,"2249, 2250, 2251, 2259, 2269, 2277, 2299, 2300, 2302, 2310, 2312, 2313"
40727,2213
40729,2215
40730,2291
40731,2214
40732,"2348, 2425, 2484, 2507"
40763,"2249, 2250, 2251, 2259, 2269, 2277, 2299, 2300, 2302, 2310, 2312, 2313, 2348, 2396, 2420, 2425, 2452, 2484"
40788,"2249, 2250, 2251, 2259, 2269, 2277, 2299, 2300, 2302, 2310, 2312, 2313, 2348, 2396, 2420, 2425, 2452, 2484, 2502, 2503, 2505, 2506, 2510, 2525, 2528, 2535, 2545, 2547"
40789,"2249, 2250, 2251, 2259, 2269, 2277, 2299, 2300, 2302, 2310, 2312, 2313"
40796,"32, 70, 115"
40799,2214
40803,2249
40806,2269
40807,2250
40808,2312
40809,2277
40810,2310
40811,2259
40812,2302
40813,2300
40814,2313
40815,2299
40816,2251
40817,"2249, 2250, 2251, 2259, 2269, 2277, 2299, 2300, 2302, 2310, 2312, 2313, 2348, 2396, 2420, 2425, 2452, 2484, 2502, 2503, 2505, 2506, 2510, 2525, 2528, 2535, 2545, 2547"
40819,"2249, 2250, 2251, 2259, 2269, 2277, 2299, 2300, 2302, 2310, 2312, 2313, 2348, 2396, 2420, 2425, 2452, 2484, 2502, 2503, 2505, 2506, 2510, 2525, 2528, 2535, 2545, 2547"
40820,"2249, 2250, 2251, 2259, 2269, 2277, 2299, 2300, 2302, 2310, 2312, 2313, 2348, 2396, 2420, 2425, 2452, 2484"
40822,2213
40825,2214
40826,2215
40828,2213
40831,2248
40832,2213
40833,2213
40835,2213
40837,2214
40840,2213
40843,2213
40844,2215
40848,2215
40851,2215
40859,2248
40860,2248
40863,"2249, 2250, 2251, 2259, 2269, 2277, 2299, 2300, 2302, 2310, 2312, 2313, 2348, 2396, 2420, 2425, 2452, 2484, 2502, 2503, 2505, 2506, 2510, 2525, 2528, 2535, 2545, 2547"
40864,"2249, 2250, 2251, 2259, 2269, 2277, 2299, 2300, 2302, 2310, 2312, 2313, 2348, 2396, 2420, 2425, 2452, 2484, 2502, 2503, 2505, 2506, 2510, 2525, 2528, 2535, 2545, 2547"
40869,2213
40874,2213
40875,2213
40876,2213
40882,"2249, 2250, 2251, 2259, 2269, 2277, 2299, 2300, 2302, 2310, 2312, 2313, 2348, 2396, 2420, 2425, 2452, 2484, 2502, 2503, 2505, 2506, 2510, 2525, 2528, 2535, 2545, 2547"
40885,"2249, 2250, 2251, 2259, 2269, 2277, 2299, 2300, 2302, 2310, 2312, 2313, 2348, 2396, 2420, 2425, 2452, 2484, 2502, 2503, 2505, 2506, 2510, 2525, 2528, 2535, 2545, 2547"
40894,2346
40900,2346
40911,2406
40936,2346
40937,2346
40938,2346
40948,2346
40957,"1161, 1164"
40960,1148
40961,1352
40962,1512
40963,1580
40965,1010
40966,1490
41042,2369
41043,2369
41045,2369
41046,2369
41050,2369
41081,2346
41083,2346
41084,2346
41086,2346
41095,"2249, 2250, 2251, 2259, 2269, 2277, 2299, 2300, 2302, 2310, 2312, 2313, 2348, 2396, 2420, 2425, 2452, 2484, 2502, 2503, 2505, 2506, 2510, 2525, 2528, 2535, 2545, 2547"
41096,"2249, 2250, 2251, 2259, 2269, 2277, 2299, 2300, 2302, 2310, 2312, 2313, 2348, 2396, 2420, 2425, 2452, 2484, 2502, 2503, 2505, 2506, 2510, 2525, 2528, 2535, 2545, 2547"
41097,"2249, 2250, 2251, 2259, 2269, 2277, 2299, 2300, 2302, 2310, 2312, 2313, 2348, 2396, 2420, 2425, 2452, 2484"
41098,2396
41099,2420
41100,2396
41101,2420
41105,"2249, 2250, 2251, 2259, 2269, 2277, 2299, 2300, 2302, 2310, 2312, 2313, 2348, 2396, 2420, 2425, 2452, 2484, 2502, 2503, 2505, 2506, 2510, 2525, 2528, 2535, 2545, 2547"
41106,"2249, 2250, 2251, 2259, 2269, 2277, 2299, 2300, 2302, 2310, 2312, 2313, 2348, 2396, 2420, 2425, 2452, 2484"
41107,"2249, 2250, 2251, 2259, 2269, 2277, 2299, 2300, 2302, 2310, 2312, 2313, 2348, 2396, 2420, 2425, 2452, 2484"
41108,"2249, 2250, 2251, 2259, 2269, 2277, 2299, 2300, 2302, 2310, 2312, 2313, 2348, 2396, 2420, 2425, 2452, 2484"
41109,"2249, 2250, 2251, 2259, 2269, 2277, 2299, 2300, 2302, 2310, 2312, 2313, 2348, 2396, 2420, 2425, 2452, 2484"
41110,"2249, 2250, 2251, 2259, 2269, 2277, 2299, 2300, 2302, 2310, 2312, 2313, 2348, 2396, 2420, 2425, 2452, 2484"
41111,"2249, 2250, 2251, 2259, 2269, 2277, 2299, 2300, 2302, 2310, 2312, 2313, 2348, 2396, 2420, 2425, 2452, 2484"
41112,"2249, 2250, 2251, 2259, 2269, 2277, 2299, 2300, 2302, 2310, 2312, 2313, 2348, 2396, 2420, 2425, 2452, 2484"
41113,"2249, 2250, 2251, 2259, 2269, 2277, 2299, 2300, 2302, 2310, 2312, 2313, 2348, 2396, 2420, 2425, 2452, 2484"
41114,"2249, 2250, 2251, 2259, 2269, 2277, 2299, 2300, 2302, 2310, 2312, 2313, 2348, 2396, 2420, 2425, 2452, 2484"
41115,"2249, 2250, 2251, 2259, 2269, 2277, 2299, 2300, 2302, 2310, 2312, 2313, 2348, 2396, 2420, 2425, 2452, 2484"
41116,"2249, 2250, 2251, 2259, 2269, 2277, 2299, 2300, 2302, 2310, 2312, 2313, 2348, 2396, 2420, 2425, 2452, 2484"
41119,2406
41120,2406
41121,2406
41122,2406
41131,2369
41133,2369
41149,2213
41161,2248
41162,2248
41164,2213
41165,2214
41166,2214
41167,2215
41168,2215
41170,2023
41171,"1978, 2022, 2023, 2024, 2025"
41172,"1978, 2022, 2023, 2024, 2025"
41173,2024
41174,"1978, 2022, 2023, 2024, 2025"
41175,2133
41176,2200
41177,2200
41179,"1978, 2022, 2023, 2024, 2025"
41180,2023
41181,2024
41182,"1978, 2022, 2023, 2024, 2025"
41183,2133
41184,"1978, 2022, 2023, 2024, 2025"
41185,2369
41186,2248
41187,2214
41188,2215
41189,2213
41191,"2249, 2250, 2251, 2259, 2269, 2277, 2299, 2300, 2302, 2310, 2312, 2313, 2396, 2420"
41192,"2249, 2250, 2251, 2259, 2269, 2277, 2299, 2300, 2302, 2310, 2312, 2313, 2396, 2420"
41193,"2249, 2250, 2251, 2259, 2269, 2277, 2299, 2300, 2302, 2310, 2312, 2313, 2396, 2420"
41194,"2249, 2250, 2251, 2259, 2269, 2277, 2299, 2300, 2302, 2310, 2312, 2313, 2396, 2420"
41195,"2249, 2250, 2251, 2259, 2269, 2277, 2299, 2300, 2302, 2310, 2312, 2313, 2396, 2420"
41196,"2249, 2250, 2251, 2259, 2269, 2277, 2299, 2300, 2302, 2310, 2312, 2313, 2396, 2420"
41197,"2249, 2250, 2251, 2259, 2269, 2277, 2299, 2300, 2302, 2310, 2312, 2313, 2396, 2420"
41198,"2249, 2250, 2251, 2259, 2269, 2277, 2299, 2300, 2302, 2310, 2312, 2313, 2396, 2420"
41208,2406
41210,2425
41211,2406
41214,2346
41215,2346
41216,2346
41217,2346
41222,2406
41223,2406
41224,2406
41225,2406
41226,2406
41227,2406
41228,2406
41229,2406
41230,2406
41231,2406
41232,2406
41233,2406
41234,2406
41235,2406
41236,2406
41286,2406
41287,2492
41288,2492
41291,2492
41297,2406
41298,2406
41337,2406
41338,2406
41339,2387
41340,2387
41341,2387
41347,2406
41348,2387
41349,2346
41350,2346
41351,2346
41352,2346
41522,2346
41525,2406
41529,2425
41530,2425
41531,2425
41532,"2249, 2250, 2251, 2259, 2269, 2277, 2299, 2300, 2302, 2310, 2312, 2313, 2396, 2420"
41537,"2249, 2250, 2251, 2259, 2269, 2277, 2299, 2300, 2302, 2310, 2312, 2313, 2348, 2396, 2420, 2425, 2452, 2484"
41554,2406
41586,2346
41587,2346
41588,2346
41589,2346
41590,2346
41591,2346
41592,2346
41593,2346
41594,2346
41596,2406
41598,2460
41599,2460
41600,2460
41601,2460
41602,2460
41603,2460
41604,2460
41605,2460
41606,2460
41607,2460
41608,2460
41609,2460
41610,2460
41611,2460
41613,2460
41614,2460
41615,2460
41616,2460
41617,2460
41618,2460
41619,2460
41624,2460
41625,2460
41626,2346
41627,2346
41629,2346
41630,2346
41665,2406
41694,2406
41695,2406
41706,2447
41707,2447
41708,2346
41709,"2249, 2250, 2251, 2259, 2269, 2277, 2299, 2300, 2302, 2310, 2312, 2313, 2396, 2420"
41711,2406
41714,"2249, 2250, 2251, 2259, 2269, 2277, 2299, 2300, 2302, 2310, 2312, 2313, 2396, 2420"
41715,2447
41716,2447
41717,2447
41722,2447
41723,"2249, 2250, 2251, 2259, 2269, 2277, 2299, 2300, 2302, 2310, 2312, 2313, 2348, 2396, 2420, 2425, 2452, 2484"
41725,1469
41778,2371
41802,2395
41803,2437
41804,2413
41805,2537
41806,2405
41808,2371
41809,2371
41810,2447
41811,2371
41812,2371
41815,2371
41853,1469
41854,1469
41855,1469
41857,1469
41858,1469
41859,1469
41873,1469
41874,1469
41875,1469
41876,1469
41879,1469
41889,1469
41890,1469
41891,1469
41893,1469
41894,1469
41895,1469
41896,1469
41897,1469
41898,1469
41905,2447
41916,2447
41922,2447
41928,1469
41929,1469
41937,2460
41948,2447
41949,2447
41950,2447
41951,2447
41952,2447
41953,1469
41960,2433
41961,2433
41962,2433
41964,1469
41965,1469
41966,1469
41970,2371
41971,1469
41978,2371
41979,2371
41980,2371
41983,1469
41995,2447
42002,2447
42003,2447
42004,2447
42022,2371
42045,"2395, 2405, 2413, 2437"
42117,2537
42118,2460
42131,2371
42173,2449
42190,2484
42193,2484
42194,2484
42196,"2249, 2250, 2251, 2259, 2269, 2277, 2299, 2300, 2302, 2310, 2312, 2313, 2396, 2420, 2452"
42197,"2249, 2250, 2251, 2259, 2269, 2277, 2299, 2300, 2302, 2310, 2312, 2313, 2396, 2420, 2452"
42198,"2249, 2250, 2251, 2259, 2269, 2277, 2299, 2300, 2302, 2310, 2312, 2313, 2396, 2420, 2452"
42199,"2249, 2250, 2251, 2259, 2269, 2277, 2299, 2300, 2302, 2310, 2312, 2313, 2396, 2420, 2452"
42200,"2249, 2250, 2251, 2259, 2269, 2277, 2299, 2300, 2302, 2310, 2312, 2313, 2396, 2420, 2452"
42201,"2249, 2250, 2251, 2259, 2269, 2277, 2299, 2300, 2302, 2310, 2312, 2313, 2396, 2420, 2452"
42202,"2249, 2250, 2251, 2259, 2269, 2277, 2299, 2300, 2302, 2310, 2312, 2313, 2396, 2420, 2452"
42203,"2249, 2250, 2251, 2259, 2269, 2277, 2299, 2300, 2302, 2310, 2312, 2313, 2396, 2420, 2452"
42212,"2249, 2250, 2251, 2259, 2269, 2277, 2299, 2300, 2302, 2310, 2312, 2313, 2348, 2396, 2420, 2425, 2452, 2484"
42241,"2249, 2250, 2251, 2259, 2269, 2277, 2299, 2300, 2302, 2310, 2312, 2313, 2348, 2396, 2420, 2425, 2452, 2484"
42278,2413
42283,"2395, 2405, 2413, 2437"
42300,241
42316,2460
42325,2460
42676,"2249, 2250, 2251, 2259, 2269, 2277, 2299, 2300, 2302, 2310, 2312, 2313, 2348, 2396, 2420, 2425, 2452, 2484"
42677,"2249, 2250, 2251, 2259, 2269, 2277, 2299, 2300, 2302, 2310, 2312, 2313, 2396, 2420, 2452"
42678,"2249, 2250, 2251, 2259, 2269, 2277, 2299, 2300, 2302, 2310, 2312, 2313, 2396, 2420, 2452"
42679,2452
42727,2371
42729,2371
42730,2371
42731,2371
42736,2371
42737,2371
42738,2371
42739,2371
42740,2371
42741,2371
42742,2371
42761,2371
42771,2452
42778,"2249, 2250, 2251, 2259, 2269, 2277, 2299, 2300, 2302, 2310, 2312, 2313, 2348, 2396, 2420, 2425, 2452, 2484"
42779,"2249, 2250, 2251, 2259, 2269, 2277, 2299, 2300, 2302, 2310, 2312, 2313, 2348, 2396, 2420, 2425, 2452, 2484"
42780,2449
42781,2449
42782,2449
42799,2484
42801,"2249, 2250, 2251, 2259, 2269, 2277, 2299, 2300, 2302, 2310, 2312, 2313, 2396, 2420, 2452"
60889,2371
60890,2371
60891,2537
60933,"2249, 2250, 2251, 2259, 2269, 2277, 2299, 2300, 2302, 2310, 2312, 2313, 2348, 2396, 2420, 2425, 2452, 2484"
60934,"2249, 2250, 2251, 2259, 2269, 2277, 2299, 2300, 2302, 2310, 2312, 2313, 2348, 2396, 2420, 2425, 2452, 2484"
60939,2406
60940,2460
61017,2371
61052,2413
61081,2541
61082,2541
61083,2541
61092,1989
61093,1989
61212,2511
61213,2511
61214,2511
61219,2413
61221,2395
61222,2437
61223,2413
61224,2405
61225,2444
61226,2444
61227,2444
61228,2444
61229,2444
61230,2444
61231,"2395, 2405, 2413, 2437"
61232,"2395, 2405, 2413, 2437"
61234,"2395, 2405, 2413, 2437"
61238,"2395, 2405, 2413, 2437"
61262,2492
61263,2413
61264,2413
61265,2444
61266,2444
61267,2511
61268,2556
61269,2501
61270,903
61271,184
61272,601
61342,"2249, 2250, 2251, 2259, 2269, 2277, 2299, 2300, 2302, 2310, 2312, 2313, 2348, 2396, 2420, 2425, 2452, 2484"
61344,2413
61346,2529
61366,2529
61367,2533
61368,2529
61369,2533
61370,2529
61371,2533
61372,2529
61373,2529
61374,2529
61375,2529
61376,2529
61377,2529
61378,2533
61379,2533
61380,"2529, 2531, 2533"
61381,2533
61413,500
61414,500
61419,500
61420,500
61421,500
61422,500
61423,500
61424,500
61425,500
61426,500
61429,500
61430,241
61446,2444
61447,2444
61448,2444
61449,2444
61452,2437
61453,2437
61454,2531
61455,2437
61464,"2395, 2405, 2413, 2437"
61465,"2395, 2405, 2413, 2437"
61466,500
61487,2531
61488,2531
61489,2531
61491,2531
61492,2531
61507,2395
61508,2572
61509,2572
61510,2572
61514,2529
61520,2413
61574,2413
61576,2395
61581,2437
61582,2413
61583,2405
61584,"2395, 2405, 2413, 2437"
61585,2556
61587,2511
61588,2501
61589,2556
61590,2492
61591,2097
61592,184
61593,903
61594,601
61624,2529
61625,2529
61626,2533
61627,2533
61635,2529
61636,2529
61637,2529
61638,2513
61639,2501
61640,2556
61641,2500
61642,2513
61643,2513
61644,2501
61645,2501
61646,2556
61647,2556
61648,2500
61649,2500
61681,"2395, 2405, 2413, 2437"
61707,"2502, 2503, 2505, 2506, 2510, 2525, 2528, 2535, 2545, 2547"
61708,"2502, 2503, 2505, 2506, 2510, 2525, 2528, 2535, 2545, 2547"
61709,"2502, 2503, 2505, 2506, 2510, 2525, 2528, 2535, 2545, 2547"
61710,"2502, 2503, 2505, 2506, 2510, 2525, 2528, 2535, 2545, 2547"
61711,"2502, 2503, 2505, 2506, 2510, 2525, 2528, 2535, 2545, 2547"
61712,"2502, 2503, 2505, 2506, 2510, 2525, 2528, 2535, 2545, 2547"
61713,"2502, 2503, 2505, 2506, 2510, 2525, 2528, 2535, 2545, 2547"
61714,"2502, 2503, 2505, 2506, 2510, 2525, 2528, 2535, 2545, 2547"
61715,"2502, 2503, 2505, 2506, 2510, 2525, 2528, 2535, 2545, 2547"
61716,"2502, 2503, 2505, 2506, 2510, 2525, 2528, 2535, 2545, 2547"
61717,"2502, 2503, 2505, 2506, 2510, 2525, 2528, 2535, 2545, 2547"
61718,"2502, 2503, 2505, 2506, 2510, 2525, 2528, 2535, 2545, 2547"
61719,"2502, 2503, 2505, 2506, 2510, 2525, 2528, 2535, 2545, 2547"
61720,"2502, 2503, 2505, 2506, 2510, 2525, 2528, 2535, 2545, 2547"
61721,"2502, 2503, 2505, 2506, 2510, 2525, 2528, 2535, 2545, 2547"
61722,"2502, 2503, 2505, 2506, 2510, 2525, 2528, 2535, 2545, 2547"
61723,"2502, 2503, 2505, 2506, 2510, 2525, 2528, 2535, 2545, 2547"
61724,2510
61725,2545
61726,2547
61727,2502
61728,2525
61729,2535
61730,2503
61731,2505
61732,2528
61733,2506
61734,"2502, 2503, 2505, 2506, 2510, 2525, 2528, 2535, 2545, 2547"
61739,2413
61741,"2502, 2503, 2505, 2506, 2510, 2525, 2528, 2535, 2545, 2547"
61796,"2502, 2503, 2505, 2506, 2510, 2525, 2528, 2535, 2545, 2547"
61797,2507
61798,2507
61799,2507
61800,"2502, 2503, 2505, 2506, 2510, 2525, 2528, 2535, 2545, 2547"
61801,"2502, 2503, 2505, 2506, 2510, 2525, 2528, 2535, 2545, 2547"
61802,"2502, 2503, 2505, 2506, 2510, 2525, 2528, 2535, 2545, 2547"
61803,"2502, 2503, 2505, 2506, 2510, 2525, 2528, 2535, 2545, 2547"
61804,"2502, 2503, 2505, 2506, 2510, 2525, 2528, 2535, 2545, 2547"
61805,"2502, 2503, 2505, 2506, 2510, 2525, 2528, 2535, 2545, 2547"
61806,"2502, 2503, 2505, 2506, 2510, 2525, 2528, 2535, 2545, 2547"
61807,"2502, 2503, 2505, 2506, 2510, 2525, 2528, 2535, 2545, 2547"
61808,2507
61832,"2502, 2503, 2505, 2506, 2510, 2525, 2528, 2535, 2545, 2547"
61835,"2502, 2503, 2505, 2506, 2510, 2525, 2528, 2535, 2545, 2547"
61836,"2502, 2503, 2505, 2506, 2510, 2525, 2528, 2535, 2545, 2547"
61839,2537
61843,"2529, 2531, 2533"
61854,"2395, 2405, 2413, 2437"
61855,2395
61856,2437
61857,2405
61859,"2395, 2405, 2413, 2437"
61860,2413
61861,2405
61863,2535
61864,2405
61892,2502
61893,2545
61894,2547
61895,2525
61896,2503
61897,2510
61898,2505
61899,2528
61900,2506
61901,"2502, 2503, 2505, 2506, 2510, 2525, 2528, 2535, 2545, 2547"
61906,"2502, 2503, 2505, 2506, 2510, 2525, 2528, 2535, 2545, 2547"
61910,"114, 650, 2437"
61911,2529
61912,2405
61913,2405
61916,2371
61917,2413
61922,2405
61936,2529
61937,2395
61938,2437
61939,2413
61940,2405
61941,"2395, 2405, 2413, 2437"
61943,"2395, 2405, 2413, 2437"
61957,2395
61960,2395
61961,2395
62057,"2395, 2405, 2413, 2437"
62058,2529
62104,"2395, 2405, 2413, 2437"
62105,2405
62106,2529
62110,"2395, 2405, 2413, 2437"
62120,2437
62121,2437
62122,2437
62125,2437
62126,2405
62130,2405
62133,2405
62185,2395
62186,2395
62187,2395
62188,2413
62190,2395
62191,2537
62192,"2395, 2405, 2413, 2437"
62199,2437
62200,2437
62201,2437
62202,2437
62206,"2502, 2503, 2505, 2506, 2510, 2525, 2528, 2535, 2545, 2547"
62256,2405
62260,2413
62261,2395
62262,2395
62263,2437
62264,2413
62265,2405
62266,"2395, 2405, 2413, 2437"
62267,2437
62268,"2395, 2405, 2413, 2437"
62269,2437
62270,2437
62288,2395
62324,"2395, 2405, 2413, 2437"
62325,"2395, 2405, 2413, 2437"
62326,"2395, 2405, 2413, 2437"
62329,"2395, 2405, 2413, 2437"
62330,"2395, 2405, 2413, 2437"
62331,"2395, 2405, 2413, 2437"
62332,"2395, 2405, 2413, 2437"
62333,"2395, 2405, 2413, 2437"
62336,"2395, 2405, 2413, 2437"
62337,"2395, 2405, 2413, 2437"
62338,"2395, 2405, 2413, 2437"
62339,"2395, 2405, 2413, 2437"
62340,"2395, 2405, 2413, 2437"
62341,"2395, 2405, 2413, 2437"
62352,"2529, 2533"
62386,"2395, 2405, 2413, 2437"
62406,2533
62842,2599
62873,2599
62874,2600
62880,2599
62881,2599
62882,2600
62883,2600
62887,"2599, 2600"
62901,"2599, 2600"
62903,2599
62904,2600
62905,"2599, 2600"
62909,"2599, 2600"
62917,2599
62919,2600
63237,2427
63240,2427
63241,2427
63264,"2599, 2600"
63343,2393
63348,"2599, 2600"
63349,2599
63383,"2599, 2600"
63384,"2599, 2600"
63385,2600
63386,2599