id,name,mapType,parentMapID,verdict,expansion,link,parentOverride,nameOverride,comment
1,Durotar,3,12,Zone,Vanilla,,,,
2,Burning Blade Coven,5,1,,Vanilla,1,,,
3,Tiragarde Keep,5,1,,Vanilla,1,,,
4,Tiragarde Keep,5,1,,Vanilla,1,,,
5,Skull Rock,5,1,,Vanilla,1,,,
6,Dustwind Cave,5,1,,Vanilla,1,,,
7,Mulgore,3,12,Zone,Vanilla,,,,
8,Palemane Rock,5,7,,Vanilla,7,,,
9,The Venture Co. Mine,5,7,,Vanilla,7,,,
10,Northern Barrens,3,12,Zone,Vanilla,,,,
11,Wailing Caverns,5,10,,Vanilla,10,,,
12,Kalimdor,2,947,Continent,Vanilla,,,,
13,Eastern Kingdoms,2,947,Continent,Vanilla,,,,
14,Arathi Highlands,3,13,Zone,Vanilla,,,,
15,Badlands,3,13,Zone,Vanilla,,,,
16,Uldaman,5,15,,Vanilla,15,,,
17,Blasted Lands,3,13,Zone,Vanilla,,,,
18,Tirisfal Glades,3,13,Zone,Vanilla,,,,
19,Scarlet Monastery Entrance,5,18,,Vanilla,18,,,
20,Keeper's Rest,5,18,,Vanilla,18,,,
21,Silverpine Forest,3,13,Zone,Vanilla,,,,
22,Western Plaguelands,3,13,Zone,Vanilla,,,,
23,Eastern Plaguelands,3,13,Zone,Vanilla,,,,
24,Light's Hope Chapel,5,23,ClassHall,Legion,,,,
25,Hillsbrad Foothills,3,13,Zone,Vanilla,,,,
26,The Hinterlands,3,13,Zone,Vanilla,,,,
27,Dun Morogh,3,13,Zone,Vanilla,,,,
28,Coldridge Pass,5,27,,Vanilla,27,,,
29,The Grizzled Den,5,27,,Vanilla,27,,,
30,New Tinkertown,5,27,,Vanilla,27,,,
31,Gol'Bolar Quarry,5,27,,Vanilla,27,,,
32,Searing Gorge,3,13,Zone,Vanilla,,,,
33,Blackrock Mountain,5,36,Zone,Vanilla,,,,
34,Blackrock Mountain,5,36,,Vanilla,33,,,
35,Blackrock Mountain,5,32,,Vanilla,33,,,
36,Burning Steppes,3,13,Zone,Vanilla,,,,
37,Elwynn Forest,3,13,Zone,Vanilla,,,,
38,Fargodeep Mine,5,37,,Vanilla,37,,,
39,Fargodeep Mine,5,37,,Vanilla,37,,,
40,Jasperlode Mine,5,37,,Vanilla,37,,,
41,Dalaran,5,42,Skip,,,,,
42,Deadwind Pass,3,13,Zone,Vanilla,,,,
43,The Master's Cellar,5,42,,Vanilla,42,,,
44,The Master's Cellar,5,42,,Vanilla,42,,,
45,The Master's Cellar,5,42,,Vanilla,42,,,
46,Karazhan Catacombs,5,42,,Vanilla,42,,,
47,Duskwood,3,13,Zone,Vanilla,,,,
48,Loch Modan,3,13,Zone,Vanilla,,,,
49,Redridge Mountains,3,13,Zone,Vanilla,,,,
50,Northern Stranglethorn,3,224,Zone,Vanilla,,,,
51,Swamp of Sorrows,3,13,Zone,Vanilla,,,,
52,Westfall,3,13,Zone,Vanilla,,,,
53,Gold Coast Quarry,5,52,,Vanilla,52,,,
54,Jangolode Mine,5,52,,Vanilla,52,,,
55,The Deadmines,5,52,,Vanilla,52,,,
56,Wetlands,3,13,Zone,Vanilla,,,,
57,Teldrassil,3,12,Zone,Vanilla,,,,
58,Shadowthread Cave,5,57,,Vanilla,57,,,
59,Fel Rock,5,57,,Vanilla,57,,,
60,Ban'ethil Barrow Den,5,57,,Vanilla,57,,,
61,Ban'ethil Barrow Den,5,57,,Vanilla,57,,,
62,Darkshore,3,12,Zone,Vanilla,,,,
63,Ashenvale,3,12,Zone,Vanilla,,,,
64,Thousand Needles,3,12,Zone,Vanilla,,,,
65,Stonetalon Mountains,3,12,Zone,Vanilla,,,,
66,Desolace,3,12,Zone,Vanilla,,,,
67,Maraudon,5,66,,Vanilla,66,,,
68,Maraudon,5,66,,Vanilla,66,,,
69,Feralas,3,12,Zone,Vanilla,,,,
70,Dustwallow Marsh,3,12,Zone,Vanilla,,,,
71,Tanaris,3,12,Zone,Vanilla,,,,
72,The Noxious Lair,5,71,,Vanilla,71,,,
73,The Gaping Chasm,5,71,,Vanilla,71,,,
74,Caverns of Time,5,71,Zone,Vanilla,,,,
75,Caverns of Time,5,71,,Vanilla,74,,,
76,Azshara,3,12,Zone,Vanilla,,,,
77,Felwood,3,12,Zone,Vanilla,,,,
78,Un'Goro Crater,3,12,Zone,Vanilla,,,,
79,The Slithering Scar,5,78,,Vanilla,78,,,
80,Moonglade,3,12,Zone,Vanilla,,,,
81,Silithus,3,12,Zone,Vanilla,,,,
82,Twilight's Run,5,81,,Vanilla,81,,,
83,Winterspring,3,12,Zone,Vanilla,,,,
84,Stormwind City,3,13,City,Vanilla,,,,
85,Orgrimmar,3,12,City,Vanilla,,,,
86,Orgrimmar,6,85,,Vanilla,85,,,
87,Ironforge,3,13,City,Vanilla,,,,
88,Thunder Bluff,3,12,City,Vanilla,,,,
89,Darnassus,3,12,City,Vanilla,,,,
90,Undercity,3,13,City,Vanilla,,,,
91,Alterac Valley,6,25,Battleground,Vanilla,,,,
92,Warsong Gulch,6,10,Battleground,Vanilla,,,,
93,Arathi Basin,6,14,Battleground,Vanilla,,,,
94,Eversong Woods,3,13,Zone,TBC,,,,
95,Ghostlands,3,13,Zone,TBC,,,,
96,Amani Catacombs,5,95,,TBC,95,,,
97,Azuremyst Isle,3,12,Zone,TBC,,,,
98,Tides' Hollow,5,97,,TBC,97,,,
99,Stillpine Hold,5,97,,TBC,97,,,
100,Hellfire Peninsula,3,101,Zone,TBC,,,,
101,Outland,2,946,Continent,TBC,,,,
102,Zangarmarsh,3,101,Zone,TBC,,,,
103,The Exodar,3,12,City,TBC,,,,
104,Shadowmoon Valley,3,101,Zone,TBC,,,,
105,Blade's Edge Mountains,3,101,Zone,TBC,,,,
106,Bloodmyst Isle,3,12,Zone,TBC,,,,
107,Nagrand,3,101,Zone,TBC,,,,
108,Terokkar Forest,3,101,Zone,TBC,,,,
109,Netherstorm,3,101,Zone,TBC,,,,
110,Silvermoon City,3,13,City,TBC,,,,
111,Shattrath City,3,101,City,TBC,,,,
112,Eye of the Storm,6,109,Battleground,TBC,,,,
113,Northrend,2,947,Continent,WotLK,,,,
114,Borean Tundra,3,113,Zone,WotLK,,,,
115,Dragonblight,3,113,Zone,WotLK,,,,
116,Grizzly Hills,3,113,Zone,WotLK,,,,
117,Howling Fjord,3,113,Zone,WotLK,,,,
118,Icecrown,3,113,Zone,WotLK,,,,
119,Sholazar Basin,3,113,Zone,WotLK,,,,
120,The Storm Peaks,3,113,Zone,WotLK,,,,
121,Zul'Drak,3,113,Zone,WotLK,,,,
122,Isle of Quel'Danas,3,13,Zone,TBC,,,,
123,Wintergrasp,3,113,Battleground,WotLK,,,,
124,Plaguelands: The Scarlet Enclave,6,23,StartingZone,WotLK,,,,
125,Dalaran,4,127,City,WotLK,,,,
126,Dalaran,4,127,,WotLK,125,,,
127,Crystalsong Forest,3,113,Zone,WotLK,,,,
128,Strand of the Ancients,6,115,Battleground,WotLK,,,,
129,The Nexus,4,114,Dungeon,WotLK,,,,
130,The Culling of Stratholme,4,71,Dungeon,WotLK,,,,
131,The Culling of Stratholme,4,130,,WotLK,130,,,
132,Ahn'kahet: The Old Kingdom,4,115,Dungeon,WotLK,,,,
133,Utgarde Keep,4,117,Dungeon,WotLK,,,,
134,Utgarde Keep,4,117,,WotLK,133,,,
135,Utgarde Keep,4,117,,WotLK,133,,,
136,Utgarde Pinnacle,4,117,Dungeon,WotLK,,,,
137,Utgarde Pinnacle,4,117,,WotLK,136,,,
138,Halls of Lightning,4,120,Dungeon,WotLK,,,,
139,Halls of Lightning,4,120,,WotLK,138,,,
140,Halls of Stone,4,120,Dungeon,WotLK,,,,
141,The Eye of Eternity,4,114,Raid,WotLK,,,,
142,The Oculus,6,114,Skip,,,,,
143,The Oculus,4,114,Dungeon,WotLK,,,,
144,The Oculus,4,114,,WotLK,143,,,
145,The Oculus,4,114,,WotLK,143,,,
146,The Oculus,4,114,,WotLK,143,,,
147,Ulduar,4,120,Raid,WotLK,,,,
148,Ulduar,4,147,,WotLK,147,,,
149,Ulduar,4,147,,WotLK,147,,,
150,Ulduar,4,147,,WotLK,147,,,
151,Ulduar,4,147,,WotLK,147,,,
152,Ulduar,4,147,,WotLK,147,,,
153,Gundrak,6,121,Skip,,,,,
154,Gundrak,4,121,Dungeon,WotLK,,,,
155,The Obsidian Sanctum,6,115,Raid,WotLK,,,,
156,Vault of Archavon,4,123,Raid,WotLK,,,,
157,Azjol-Nerub,4,115,Dungeon,WotLK,,,,
158,Azjol-Nerub,4,115,,WotLK,157,,,
159,Azjol-Nerub,4,115,,WotLK,157,,,
160,Drak'Tharon Keep,4,121,Dungeon,WotLK,,,,
161,Drak'Tharon Keep,4,121,,WotLK,160,,,
162,Naxxramas,4,115,Raid,WotLK,,,,
163,Naxxramas,4,115,,WotLK,162,,,
164,Naxxramas,4,115,,WotLK,162,,,
165,Naxxramas,4,115,,WotLK,162,,,
166,Naxxramas,4,115,,WotLK,162,,,
167,Naxxramas,4,115,,WotLK,162,,,
168,The Violet Hold,4,125,Dungeon,WotLK,,,,
169,Isle of Conquest,6,118,Battleground,WotLK,,,,
170,Hrothgar's Landing,3,113,,WotLK,118,,,
171,Trial of the Champion,4,118,Dungeon,WotLK,,,,
172,Trial of the Crusader,4,118,Raid,WotLK,,,,
173,Trial of the Crusader,4,118,,WotLK,172,,,
174,The Lost Isles,3,948,StartingZone,Cata,,,,
175,Kaja'mite Cavern,5,174,,Cata,174,,,
176,Volcanoth's Lair,5,174,,Cata,174,,,
177,Gallywix Labor Mine,5,174,,Cata,174,,,
178,Gallywix Labor Mine,5,174,,Cata,174,,,
179,Gilneas,6,13,StartingZone,Cata,,,,
180,Emberstone Mine,5,179,,Cata,179,,,
181,Greymane Manor,5,179,,Cata,179,,,
182,Greymane Manor,5,179,,Cata,179,,,
183,The Forge of Souls,4,118,Dungeon,WotLK,,,,
184,Pit of Saron,6,118,Dungeon,WotLK,,,,
185,Halls of Reflection,4,118,Dungeon,WotLK,,,,
186,Icecrown Citadel,4,118,Raid,WotLK,,,,
187,Icecrown Citadel,4,118,,WotLK,186,,,
188,Icecrown Citadel,4,118,,WotLK,186,,,
189,Icecrown Citadel,4,118,,WotLK,186,,,
190,Icecrown Citadel,4,118,,WotLK,186,,,
191,Icecrown Citadel,4,118,,WotLK,186,,,
192,Icecrown Citadel,4,118,,WotLK,186,,,
193,Icecrown Citadel,4,118,,WotLK,186,,,
194,Kezan,3,948,StartingZone,Cata,,,,
195,Kaja'mine,5,194,,Cata,194,,,
196,Kaja'mine,5,194,,Cata,194,,,
197,Kaja'mine,5,194,,Cata,194,,,
198,Mount Hyjal,3,12,Zone,Cata,,,,
199,Southern Barrens,3,12,Zone,Vanilla,,,,
200,The Ruby Sanctum,6,115,Raid,WotLK,,,,
201,Kelp'thar Forest,3,203,Zone,Cata,,,,
202,Gilneas City,3,179,,Cata,179,,,
203,Vashj'ir,3,13,,Cata,201,,,
204,Abyssal Depths,3,203,,Cata,201,,,
205,Shimmering Expanse,3,203,,Cata,201,,,
206,Twin Peaks,6,241,Battleground,Cata,,,,
207,Deepholm,3,948,Zone,Cata,,,,
208,Twilight Depths,5,207,,Cata,207,,,
209,Twilight Depths,5,207,,Cata,207,,,
210,The Cape of Stranglethorn,3,224,Zone,Vanilla,,,,
213,Ragefire Chasm,4,85,Dungeon,Vanilla,,,,
217,Ruins of Gilneas,3,13,Zone,Cata,,,,
218,Ruins of Gilneas City,6,217,City,Cata,,,,
219,Zul'Farrak,6,71,Dungeon,Vanilla,,,,
220,The Temple of Atal'Hakkar,4,51,Dungeon,Vanilla,,,,
221,Blackfathom Deeps,4,63,Dungeon,Vanilla,,,,
222,Blackfathom Deeps,4,63,,Vanilla,221,,,
223,Blackfathom Deeps,4,63,,Vanilla,221,,,
224,Stranglethorn Vale,3,13,Zone,Vanilla,,,,
225,The Stockade,4,84,Dungeon,Vanilla,,,,
226,Gnomeregan,4,27,Dungeon,Vanilla,,,,
227,Gnomeregan,4,27,,Vanilla,226,,,
228,Gnomeregan,4,27,,Vanilla,226,,,
229,Gnomeregan,4,27,,Vanilla,226,,,
230,Uldaman,4,15,Dungeon,Vanilla,,,,
231,Uldaman,4,15,,Vanilla,230,,,
232,Molten Core,4,36,Raid,Vanilla,,,,
233,Zul'Gurub,6,50,Skip,,,,,
234,Dire Maul,6,69,Skip,,,,,
235,Dire Maul,4,69,Dungeon,Vanilla,,,,
236,Dire Maul,4,69,,Vanilla,235,,,
237,Dire Maul,4,69,,Vanilla,235,,,
238,Dire Maul,4,69,,Vanilla,235,,,
239,Dire Maul,4,69,,Vanilla,235,,,
240,Dire Maul,4,69,,Vanilla,235,,,
241,Twilight Highlands,3,13,Zone,Cata,,,,
242,Blackrock Depths,4,32,Dungeon,Vanilla,,,,
243,Blackrock Depths,4,32,,Vanilla,242,,,
244,Tol Barad,3,13,Battleground,Cata,,,,
245,Tol Barad Peninsula,3,13,Zone,Cata,,,,
246,The Shattered Halls,4,100,Dungeon,TBC,,,,
247,Ruins of Ahn'Qiraj,6,81,Raid,Vanilla,,,,
248,Onyxia's Lair,4,70,Raid,WotLK,,,,
249,Uldum,3,12,Zone,Cata,,,,
250,Blackrock Spire,4,36,Dungeon,Vanilla,,,,
251,Blackrock Spire,4,36,,Vanilla,250,,,
252,Blackrock Spire,4,36,,Vanilla,250,,,
253,Blackrock Spire,4,36,,Vanilla,250,,,
254,Blackrock Spire,4,36,,Vanilla,250,,,
255,Blackrock Spire,4,36,,Vanilla,250,,,
256,Auchenai Crypts,4,108,Dungeon,TBC,,,,
257,Auchenai Crypts,4,108,,TBC,256,,,
258,Sethekk Halls,4,108,Dungeon,TBC,,,,
259,Sethekk Halls,4,108,,TBC,258,,,
260,Shadow Labyrinth,4,108,Dungeon,TBC,,,,
261,The Blood Furnace,4,100,Dungeon,TBC,,,,
262,The Underbog,4,102,Dungeon,TBC,,,,
263,The Steamvault,4,102,Dungeon,TBC,,,,
264,The Steamvault,4,102,,TBC,263,,,
265,The Slave Pens,4,102,Dungeon,TBC,,,,
266,The Botanica,4,109,Dungeon,TBC,,,,
267,The Mechanar,4,109,Dungeon,TBC,,,,
268,The Mechanar,4,109,,TBC,267,,,
269,The Arcatraz,4,109,Dungeon,TBC,,,,
270,The Arcatraz,4,109,,TBC,269,,,
271,The Arcatraz,4,109,,TBC,269,,,
272,Mana-Tombs,4,108,Dungeon,TBC,,,,
273,The Black Morass,6,75,Dungeon,TBC,,,,
274,Old Hillsbrad Foothills,6,75,Dungeon,TBC,,,,
275,The Battle for Gilneas,6,179,Battleground,Cata,,,,
276,The Maelstrom,3,948,Zone,Cata,,,,
277,Lost City of the Tol'vir,6,249,Dungeon,Cata,,,,
279,Wailing Caverns,4,10,Dungeon,Vanilla,,,,
280,Maraudon,4,66,Dungeon,Vanilla,,,,
281,Maraudon,4,66,,Vanilla,280,,,
282,Baradin Hold,4,244,Raid,Cata,,,,
283,Blackrock Caverns,4,36,Dungeon,Cata,,,,
284,Blackrock Caverns,4,36,,Cata,283,,,
285,Blackwing Descent,4,36,Raid,Cata,,,,
286,Blackwing Descent,4,36,,Cata,285,,,
287,Blackwing Lair,4,36,Raid,Vanilla,,,,
288,Blackwing Lair,4,36,,Vanilla,287,,,
289,Blackwing Lair,4,36,,Vanilla,287,,,
290,Blackwing Lair,4,36,,Vanilla,287,,,
291,The Deadmines,4,52,Dungeon,Vanilla,,,,
292,The Deadmines,4,52,,Vanilla,291,,,
293,Grim Batol,4,241,Dungeon,Cata,,,,
294,The Bastion of Twilight,4,241,Raid,Cata,,,,
295,The Bastion of Twilight,4,241,,Cata,294,,,
296,The Bastion of Twilight,4,241,,Cata,294,,,
297,Halls of Origination,4,249,Dungeon,Cata,,,,
298,Halls of Origination,4,249,,Cata,297,,,
299,Halls of Origination,4,249,,Cata,297,,,
300,Razorfen Downs,4,64,Dungeon,Vanilla,,,,
301,Razorfen Kraul,4,199,Dungeon,Vanilla,,,,
302,Scarlet Monastery,4,18,Dungeon,Vanilla,,,,
303,Scarlet Monastery,4,18,,Vanilla,302,,,
304,Scarlet Monastery,4,18,,Vanilla,302,,,
305,Scarlet Monastery,4,18,,Vanilla,302,,,
306,Legacy of Scholomance,4,22,Dungeon,Vanilla,,,,
307,Legacy of Scholomance,4,22,,Vanilla,306,,,
308,Legacy of Scholomance,4,22,,Vanilla,306,,,
309,Legacy of Scholomance,4,22,,Vanilla,306,,,
310,Shadowfang Keep,4,21,Dungeon,Vanilla,,,,
311,Shadowfang Keep,4,21,,Vanilla,310,,,
312,Shadowfang Keep,4,21,,Vanilla,310,,,
313,Shadowfang Keep,4,21,,Vanilla,310,,,
314,Shadowfang Keep,4,21,,Vanilla,310,,,
315,Shadowfang Keep,4,21,,Vanilla,310,,,
316,Shadowfang Keep,4,21,,Vanilla,310,,,
317,Stratholme,4,23,Dungeon,Vanilla,,,,
318,Stratholme,4,23,,Vanilla,317,,,
319,Ahn'Qiraj,4,81,Raid,Vanilla,,,,
320,Ahn'Qiraj,4,81,,Vanilla,319,,,
321,Ahn'Qiraj,4,81,,Vanilla,319,,,
322,Throne of the Tides,4,204,Dungeon,Cata,,,,
323,Throne of the Tides,4,204,,Cata,322,,,
324,The Stonecore,4,207,Dungeon,Cata,,,,
325,The Vortex Pinnacle,4,249,Dungeon,Cata,,,,
327,Ahn'Qiraj: The Fallen Kingdom,6,12,Zone,Vanilla,,,,
328,Throne of the Four Winds,4,249,Raid,Cata,,,,
329,Hyjal Summit,6,75,Raid,TBC,,,,
330,Gruul's Lair,4,105,Raid,TBC,,,,
331,Magtheridon's Lair,4,100,Raid,TBC,,,,
332,Serpentshrine Cavern,4,102,Raid,TBC,,,,
333,Zul'Aman,6,95,Dungeon,Cata,,,,
334,Tempest Keep,4,109,Raid,TBC,,,,
335,Sunwell Plateau,4,122,Raid,TBC,,,,
336,Sunwell Plateau,4,335,,TBC,335,,,
337,Zul'Gurub,6,50,Dungeon,Cata,,,,
338,Molten Front,6,198,Zone,Cata,,,,
339,Black Temple,4,104,Raid,TBC,,,,
340,Black Temple,4,339,,TBC,339,,,
341,Black Temple,4,339,,TBC,339,,,
342,Black Temple,4,339,,TBC,339,,,
343,Black Temple,4,339,,TBC,339,,,
344,Black Temple,4,339,,TBC,339,,,
345,Black Temple,4,339,,TBC,339,,,
346,Black Temple,4,339,,TBC,339,,,
347,Hellfire Ramparts,4,100,Dungeon,TBC,,,,
348,Magisters' Terrace,4,122,Dungeon,TBC,,,,
349,Magisters' Terrace,4,122,,TBC,348,,,
350,Karazhan,4,42,Raid,TBC,,,,
351,Karazhan,4,42,,TBC,350,,,
352,Karazhan,4,42,,TBC,350,,,
353,Karazhan,4,42,,TBC,350,,,
354,Karazhan,4,42,,TBC,350,,,
355,Karazhan,4,42,,TBC,350,,,
356,Karazhan,4,42,,TBC,350,,,
357,Karazhan,4,42,,TBC,350,,,
358,Karazhan,4,42,,TBC,350,,,
359,Karazhan,4,42,,TBC,350,,,
360,Karazhan,4,42,,TBC,350,,,
361,Karazhan,4,42,,TBC,350,,,
362,Karazhan,4,42,,TBC,350,,,
363,Karazhan,4,42,,TBC,350,,,
364,Karazhan,4,42,,TBC,350,,,
365,Karazhan,4,42,,TBC,350,,,
366,Karazhan,4,42,,TBC,350,,,
367,Firelands,4,198,Raid,Cata,,,,
368,Firelands,4,367,,Cata,367,,,
369,Firelands,4,367,,Cata,367,,,
370,The Nexus,4,114,Skip,,,,,
371,The Jade Forest,3,424,Zone,MoP,,,,
372,Greenstone Quarry,5,371,,MoP,371,,,
373,Greenstone Quarry,5,371,,MoP,371,,,
374,The Widow's Wail,5,371,,MoP,371,,,
375,Oona Kagu,5,371,,MoP,371,,,
376,Valley of the Four Winds,3,424,Zone,MoP,,,,
377,Cavern of Endless Echoes,5,376,,MoP,376,,,
378,The Wandering Isle,6,947,Skip,,,,,
379,Kun-Lai Summit,3,424,Zone,MoP,,,,
380,Howlingwind Cavern,5,379,,MoP,379,,,
381,Pranksters' Hollow,5,379,,MoP,379,,,
382,Knucklethump Hole,5,379,,MoP,379,,,
383,The Deeper,5,379,,MoP,379,,,
384,The Deeper,5,379,,MoP,379,,,
385,Tomb of Conquerors,5,379,,MoP,379,,,
386,Ruins of Korune,5,379,,MoP,379,,,
387,Ruins of Korune,5,379,,MoP,379,,,
388,Townlong Steppes,3,424,Zone,MoP,,,,
389,Niuzao Temple,5,388,,MoP,388,,,
390,Vale of Eternal Blossoms,3,424,Zone,MoP,,,,
391,Shrine of Two Moons,5,390,City,MoP,,,,
392,Shrine of Two Moons,5,390,,MoP,391,,,
393,Shrine of Seven Stars,5,390,City,MoP,,,,
394,Shrine of Seven Stars,5,390,,MoP,393,,,
395,Guo-Lai Halls,5,390,,MoP,390,,,
396,Guo-Lai Halls,5,390,,MoP,390,,,
397,Eye of the Storm,6,109,,TBC,112,,,
398,Well of Eternity,6,71,Dungeon,Cata,,,,
399,Hour of Twilight,4,71,Dungeon,Cata,,,,
400,Hour of Twilight,4,399,,Cata,399,,,
401,End Time,4,71,Dungeon,Cata,,,,
402,End Time,4,401,,Cata,401,,,
403,End Time,4,401,,Cata,401,,,
404,End Time,4,401,,Cata,401,,,
405,End Time,4,401,,Cata,401,,,
406,End Time,4,401,,Cata,401,,,
407,Darkmoon Island,6,947,Zone,Cata,,,,
408,Darkmoon Island,4,407,,Cata,407,,,
409,Dragon Soul,4,71,Raid,Cata,,,,
410,Dragon Soul,4,409,,Cata,409,,,
411,Dragon Soul,4,409,,Cata,409,,,
412,Dragon Soul,4,409,,Cata,409,,,
413,Dragon Soul,4,409,,Cata,409,,,
414,Dragon Soul,4,409,,Cata,409,,,
415,Dragon Soul,4,409,,Cata,409,,,
416,Dustwallow Marsh,6,70,Scenario,MoP,,,,
417,Temple of Kotmogu,6,390,Battleground,MoP,,,,
418,Krasarang Wilds,3,424,Zone,MoP,,,,
419,Ruins of Ogudei,5,418,,MoP,418,,,
420,Ruins of Ogudei,5,418,,MoP,418,,,
421,Ruins of Ogudei,5,418,,MoP,418,,,
422,Dread Wastes,3,424,Zone,MoP,,,,
423,Silvershard Mines,4,224,Battleground,MoP,,,,
424,Pandaria,2,947,Continent,MoP,,,,
425,Northshire,3,37,,Vanilla,37,,,
426,Echo Ridge Mine,5,37,,Vanilla,37,,,
427,Coldridge Valley,6,27,,Vanilla,27,,,
428,Frostmane Hovel,5,27,,Vanilla,27,,,
429,Temple of the Jade Serpent,4,371,Dungeon,MoP,,,,
430,Temple of the Jade Serpent,4,371,,MoP,429,,,
431,Scarlet Halls,4,18,Dungeon,MoP,,,,
432,Scarlet Halls,4,18,,MoP,431,,,
433,The Veiled Stair,3,424,Zone,MoP,,,,
434,The Ancient Passage,5,379,,MoP,433,433,,
435,Scarlet Monastery,4,18,Dungeon,MoP,,,,
436,Scarlet Monastery,4,18,,MoP,435,,,
437,Gate of the Setting Sun,4,390,Dungeon,MoP,,,,
438,Gate of the Setting Sun,4,390,,MoP,437,,,
439,Stormstout Brewery,4,376,Dungeon,MoP,,,,
440,Stormstout Brewery,4,376,,MoP,439,,,
441,Stormstout Brewery,4,376,,MoP,439,,,
442,Stormstout Brewery,4,376,,MoP,439,,,
443,Shado-Pan Monastery,4,379,Dungeon,MoP,,,,
444,Shado-Pan Monastery,4,443,,MoP,443,,,
445,Shado-Pan Monastery,4,443,,MoP,443,,,
446,Shado-Pan Monastery,4,443,,MoP,443,,,
447,A Brewing Storm,6,371,Scenario,MoP,,,,
448,The Jade Forest,6,371,Scenario,MoP,,,,
449,Temple of Kotmogu,6,390,Skip,,,,,
450,Unga Ingoo,6,418,Scenario,MoP,,,,
451,Assault on Zan'vess,6,422,Scenario,MoP,,,,
452,Brewmoon Festival,6,379,Scenario,MoP,,,,
453,Mogu'shan Palace,4,390,Dungeon,MoP,,,,
454,Mogu'shan Palace,4,390,,MoP,453,,,
455,Mogu'shan Palace,4,390,,MoP,453,,,
456,Terrace of Endless Spring,6,433,Raid,MoP,,,,
457,Siege of Niuzao Temple,4,388,Dungeon,MoP,,,,
458,Siege of Niuzao Temple,4,457,,MoP,457,,,
459,Siege of Niuzao Temple,4,457,,MoP,457,,,
460,Shadowglen,3,57,StartingZone,Vanilla,,,,
461,Valley of Trials,3,1,StartingZone,Vanilla,,,,
462,Camp Narache,3,7,StartingZone,Vanilla,,,,
463,Echo Isles,3,1,StartingZone,Vanilla,,,,
464,Spitescale Cavern,5,1,,Vanilla,463,,,
465,Deathknell,3,18,StartingZone,Vanilla,,,,
466,Night Web's Hollow,5,18,,Vanilla,465,,,
467,Sunstrider Isle,3,94,StartingZone,TBC,,,,
468,Ammen Vale,3,97,StartingZone,TBC,,,,
469,New Tinkertown,3,27,StartingZone,Vanilla,,,,
470,Frostmane Hold,5,27,,Vanilla,469,,,
471,Mogu'shan Vaults,4,390,Raid,MoP,,,,
472,Mogu'shan Vaults,4,390,,MoP,471,,,
473,Mogu'shan Vaults,4,390,,MoP,471,,,
474,Heart of Fear,4,422,Raid,MoP,,,,
475,Heart of Fear,4,422,,MoP,474,,,
476,Scholomance,4,22,Dungeon,MoP,,,,
477,Scholomance,4,22,,MoP,476,,,
478,Scholomance,4,22,,MoP,476,,,
479,Scholomance,4,22,,MoP,476,,,
480,Proving Grounds,4,379,Scenario,MoP,,,,
481,Crypt of Forgotten Kings,4,379,Scenario,MoP,,,,
482,Crypt of Forgotten Kings,4,379,,MoP,481,,,
483,Dustwallow Marsh,6,70,,MoP,416,,,
486,Krasarang Wilds,6,418,Scenario,MoP,,,,
487,A Little Patience,6,418,Scenario,MoP,,,,
488,Dagger in the Dark,6,433,Scenario,MoP,,,,
489,Dagger in the Dark,4,379,,MoP,488,,,
490,Black Temple,4,104,Skip,,,,,
491,Black Temple,4,490,Skip,,,,,
492,Black Temple,4,490,Skip,,,,,
493,Black Temple,4,490,Skip,,,,,
494,Black Temple,4,490,Skip,,,,,
495,Black Temple,4,490,Skip,,,,,
496,Black Temple,4,490,Skip,,,,,
497,Black Temple,4,490,Skip,,,,,
498,Krasarang Wilds,6,418,Scenario,MoP,,,,
499,Deeprun Tram,4,84,Zone,Vanilla,,,,
500,Deeprun Tram,4,84,Zone,Cross,,,,
501,Dalaran,4,13,Skip,,,,,
502,Dalaran,4,13,,,501,,,
503,Brawl'gar Arena,4,85,,Cross,500,,,
504,Isle of Thunder,3,424,Zone,MoP,,,,
505,Lightning Vein Mine,5,504,,MoP,504,,,
506,The Swollen Vault,5,504,,MoP,504,,,
507,Isle of Giants,3,424,Zone,MoP,,,,
508,Throne of Thunder,4,504,Raid,MoP,,,,
509,Throne of Thunder,4,504,,MoP,508,,,
510,Throne of Thunder,4,504,,MoP,508,,,
511,Throne of Thunder,4,504,,MoP,508,,,
512,Throne of Thunder,4,504,,MoP,508,,,
513,Throne of Thunder,4,504,,MoP,508,,,
514,Throne of Thunder,4,504,,MoP,508,,,
515,Throne of Thunder,4,504,,MoP,508,,,
516,Isle of Thunder,6,424,Skip,,,,,
517,Lightning Vein Mine,5,516,,,516,,,
518,Thunder King's Citadel,4,504,Scenario,MoP,,,,
519,Deepwind Gorge,6,376,Battleground,MoP,,,,
520,Vale of Eternal Blossoms,6,390,Scenario,MoP,,,,
521,Vale of Eternal Blossoms,4,390,,MoP,520,,,
522,The Secrets of Ragefire,4,85,Scenario,MoP,,,,
523,Dun Morogh,6,27,Scenario,MoP,,,,
524,Battle on the High Seas,6,12,Scenario,MoP,,,,
525,Frostfire Ridge,3,572,Zone,WoD,,,,
526,Turgall's Den,5,525,,WoD,525,,,
527,Turgall's Den,5,525,,WoD,525,,,
528,Turgall's Den,5,525,,WoD,525,,,
529,Turgall's Den,5,525,,WoD,525,,,
530,Grom'gar,5,525,,WoD,525,,,
531,Grulloc's Grotto,5,525,,WoD,525,,,
532,Grulloc's Grotto,5,525,,WoD,525,,,
533,Snowfall Alcove,5,525,,WoD,525,,,
534,Tanaan Jungle,3,572,Zone,WoD,,,,
535,Talador,3,572,Zone,WoD,,,,
536,Tomb of Lights,5,535,,WoD,535,,,
537,Tomb of Souls,5,535,,WoD,535,,,
538,The Breached Ossuary,5,535,,WoD,535,,,
539,Shadowmoon Valley,3,572,Zone,WoD,,,,
540,Bloodthorn Cave,5,539,,WoD,539,,,
541,Den of Secrets,5,539,,WoD,539,,,
542,Spires of Arak,3,572,Zone,WoD,,,,
543,Gorgrond,3,572,Zone,WoD,,,,
544,Moira's Reach,5,543,,WoD,543,,,
545,Moira's Reach,5,543,,WoD,543,,,
546,Fissure of Fury,5,543,,WoD,543,,,
547,Fissure of Fury,5,543,,WoD,543,,,
548,Cragplume Cauldron,5,543,,WoD,543,,,
549,Cragplume Cauldron,5,543,,WoD,543,,,
550,Nagrand,3,572,Zone,WoD,,,,
551,The Masters' Cavern,5,550,,WoD,550,,,
552,Stonecrag Gorge,5,550,,WoD,550,,,
553,Oshu'gun,5,550,,WoD,550,,,
554,Timeless Isle,3,424,Zone,MoP,,,,
555,Cavern of Lost Spirits,5,554,,MoP,554,,,
556,Siege of Orgrimmar,4,390,Raid,MoP,,,,
557,Siege of Orgrimmar,4,556,,MoP,556,,,
558,Siege of Orgrimmar,4,556,,MoP,556,,,
559,Siege of Orgrimmar,4,556,,MoP,556,,,
560,Siege of Orgrimmar,4,556,,MoP,556,,,
561,Siege of Orgrimmar,4,556,,MoP,556,,,
562,Siege of Orgrimmar,4,556,,MoP,556,,,
563,Siege of Orgrimmar,4,556,,MoP,556,,,
564,Siege of Orgrimmar,4,556,,MoP,556,,,
565,Siege of Orgrimmar,4,556,,MoP,556,,,
566,Siege of Orgrimmar,4,556,,MoP,556,,,
567,Siege of Orgrimmar,4,556,,MoP,556,,,
568,Siege of Orgrimmar,4,556,,MoP,556,,,
569,Siege of Orgrimmar,4,556,,MoP,556,,,
570,Siege of Orgrimmar,4,556,,MoP,556,,,
571,Celestial Tournament,6,554,Scenario,MoP,,,,
572,Draenor,2,946,Continent,WoD,,,,
573,Bloodmaul Slag Mines,4,525,Dungeon,WoD,,,,
574,Shadowmoon Burial Grounds,4,539,Dungeon,WoD,,,,
575,Shadowmoon Burial Grounds,4,539,,WoD,574,,,
576,Shadowmoon Burial Grounds,4,539,,WoD,574,,,
577,Tanaan Jungle,6,572,StartingZone,WoD,,,,
578,Umbral Halls,5,577,,WoD,577,,,
579,Lunarfall Excavation,5,582,Scenario,WoD,,,,
580,Lunarfall Excavation,5,582,,WoD,579,,,
581,Lunarfall Excavation,5,582,,WoD,579,,,
582,Lunarfall,6,539,,WoD,579,,,
585,Frostwall Mine,5,590,,WoD,579,,,
586,Frostwall Mine,5,590,,WoD,579,,,
587,Frostwall Mine,5,590,,WoD,579,,,
588,Ashran,3,572,Battleground,WoD,,,,
589,Ashran Mine,5,588,,WoD,588,,,
590,Frostwall,6,525,,WoD,579,,,
593,Auchindoun,4,535,Dungeon,WoD,,,,
594,Shattrath City,6,572,Skip,,,,,
595,Iron Docks,4,543,Dungeon,WoD,,,,
596,Blackrock Foundry,4,543,Raid,WoD,,,,
597,Blackrock Foundry,4,543,,WoD,596,,,
598,Blackrock Foundry,4,543,,WoD,596,,,
599,Blackrock Foundry,4,543,,WoD,596,,,
600,Blackrock Foundry,4,543,,WoD,596,,,
601,Skyreach,4,542,Dungeon,WoD,,,,
602,Skyreach,4,542,,WoD,601,,,
606,Grimrail Depot,4,543,Dungeon,WoD,,,,
607,Grimrail Depot,4,543,,WoD,606,,,
608,Grimrail Depot,4,543,,WoD,606,,,
609,Grimrail Depot,4,543,,WoD,606,,,
610,Highmaul,4,550,Raid,WoD,,,,
611,Highmaul,4,610,,WoD,610,,,
612,Highmaul,4,610,,WoD,610,,,
613,Highmaul,4,610,,WoD,610,,,
614,Highmaul,4,610,,WoD,610,,,
615,Highmaul,4,610,,WoD,610,,,
616,Upper Blackrock Spire,4,36,Dungeon,WoD,,,,
617,Upper Blackrock Spire,4,36,,WoD,616,,,
618,Upper Blackrock Spire,4,36,,WoD,616,,,
619,Broken Isles,2,947,Continent,Legion,,,,
620,The Everbloom,4,543,Dungeon,WoD,,,,
621,The Everbloom,4,620,,WoD,620,,,
622,Stormshield,6,588,City,WoD,,,,
623,Hillsbrad Foothills (Southshore vs. Tarren Mill),6,25,Battleground,WoD,,,,
624,Warspear,6,588,,WoD,622,,,
626,Dalaran,4,619,ClassHall,Legion,,,,
627,Dalaran,4,619,City,Legion,,,,
628,Dalaran,4,619,,Legion,627,,,
629,Dalaran,4,619,,Legion,627,,,
630,Azsuna,3,619,Zone,Legion,,,,
631,Nar'thalas Academy,5,630,,Legion,630,,,
632,Oceanus Cove,5,630,,Legion,630,,,
633,Temple of a Thousand Lights,5,630,,Legion,630,,,
634,Stormheim,3,619,Zone,Legion,,,,
635,Shield's Rest,5,634,,Legion,634,,,
636,Stormscale Cavern,5,634,,Legion,634,,,
637,Thorignir Refuge,5,634,,Legion,634,,,
638,Thorignir Refuge,5,634,,Legion,634,,,
639,Aggramar's Vault,5,634,,Legion,634,,,
640,Vault of Eyir,5,634,,Legion,634,,,
641,Val'sharah,3,619,Zone,Legion,,,,
642,Darkpens,5,641,,Legion,641,,,
643,Sleeper's Barrow,5,641,,Legion,641,,,
644,Sleeper's Barrow,5,641,,Legion,641,,,
645,Twisting Nether,6,619,Skip,,,,,
646,Broken Shore,3,619,Zone,Legion,,,,
647,Acherus: The Ebon Hold,5,619,ClassHall,Legion,,,,
648,Acherus: The Ebon Hold,5,619,,Legion,647,,,
649,Helheim,6,634,,Legion,634,,,
650,Highmountain,3,619,Zone,Legion,,,,
651,Bitestone Enclave,5,650,,Legion,650,,,
652,Thunder Totem,5,650,,Legion,650,,,
653,Cave of the Blood Trial,5,650,,Legion,650,,,
654,Mucksnout Den,5,650,,Legion,650,,,
655,Lifespring Cavern,5,650,,Legion,650,,,
656,Lifespring Cavern,5,650,,Legion,650,,,
657,Path of Huln,5,650,,Legion,650,,,
658,Path of Huln,5,650,,Legion,650,,,
659,Stonedark Grotto,5,650,,Legion,650,,,
660,Feltotem Caverns,5,650,,Legion,650,,,
661,Hellfire Citadel,4,534,Raid,WoD,,,,
662,Hellfire Citadel,4,661,,WoD,661,,,
663,Hellfire Citadel,4,661,,WoD,661,,,
664,Hellfire Citadel,4,661,,WoD,661,,,
665,Hellfire Citadel,4,661,,WoD,661,,,
666,Hellfire Citadel,4,661,,WoD,661,,,
667,Hellfire Citadel,4,661,,WoD,661,,,
668,Hellfire Citadel,4,661,,WoD,661,,,
669,Hellfire Citadel,4,661,,WoD,661,,,
670,Hellfire Citadel,4,661,,WoD,661,,,
671,The Cove of Nashal,6,619,Skip,,,,,
672,"Mardum, the Shattered Abyss",6,619,Skip,,,,,
673,Cryptic Hollow,5,672,,,672,,,
674,Soul Engine,5,672,,,672,,,
675,Soul Engine,5,672,,,672,,,
676,Broken Shore,6,619,Skip,,,,,
677,Vault of the Wardens,4,630,Skip,,,,,
678,Vault of the Wardens,4,630,,,677,,,
679,Vault of the Wardens,4,630,,,677,,,
680,Suramar,3,619,Zone,Legion,,,,
681,The Arcway Vaults,5,680,,Legion,680,,,
682,Felsoul Hold,5,680,,Legion,680,,,
683,The Arcway Vaults,5,680,,Legion,680,,,
684,Shattered Locus,5,680,,Legion,680,,,
685,Shattered Locus,5,680,,Legion,680,,,
686,Elor'shan,5,680,,Legion,680,,,
687,Kel'balor,5,680,,Legion,680,,,
688,Ley Station Anora,5,680,,Legion,680,,,
689,Ley Station Moonfall,5,680,,Legion,680,,,
690,Ley Station Aethenar,5,680,,Legion,680,,,
691,Nyell's Workshop,5,680,,Legion,680,,,
692,Falanaar Arcway,5,680,,Legion,680,,,
693,Falanaar Arcway,5,680,,Legion,680,,,
694,Helmouth Shallows,6,619,Skip,,,,,
695,Skyhold,4,619,ClassHall,Legion,,,,
696,Stormheim,6,619,Skip,,,,,
697,Azshara,6,76,Skip,,,,,
698,Icecrown Citadel,4,118,Skip,,,,,
699,Icecrown Citadel,4,118,,,698,,,
700,Icecrown Citadel,4,118,,,698,,,
701,Icecrown Citadel,4,118,,,698,,,
702,Netherlight Temple,4,619,ClassHall,Legion,,,,
703,Halls of Valor,4,634,Dungeon,Legion,,,,
704,Halls of Valor,4,703,,Legion,703,,,
705,Halls of Valor,4,703,,Legion,703,,,
706,Helmouth Cliffs,4,634,Dungeon,Legion,,,,
707,Helmouth Cliffs,4,706,,Legion,706,,,
708,Helmouth Cliffs,4,706,,Legion,706,,,
709,The Wandering Isle,6,619,ClassHall,Legion,,,,
710,Vault of the Wardens,4,630,Dungeon,Legion,,,,
711,Vault of the Wardens,4,630,,Legion,710,,,
712,Vault of the Wardens,4,630,,Legion,710,,,
713,Eye of Azshara,6,630,Dungeon,Legion,,,,
714,Niskara,6,619,Skip,,,,,
715,Emerald Dreamway,6,747,ClassHall,Legion,,,,
716,Skywall,4,249,Skip,,,,,
717,Dreadscar Rift,6,619,ClassHall,Legion,,,,
718,Dreadscar Rift,6,619,Skip,,,,,
719,"Mardum, the Shattered Abyss",4,619,ClassHall,Legion,,,,
720,"Mardum, the Shattered Abyss",4,719,,Legion,719,,,
721,"Mardum, the Shattered Abyss",4,719,,Legion,719,,,
723,The Violet Hold,4,627,Skip,,,,,
725,The Maelstrom,6,948,Skip,,,,,
726,The Maelstrom,6,619,ClassHall,Legion,,,,
728,Terrace of Endless Spring,6,433,Skip,,,,,
729,Crumbling Depths,5,207,Skip,,,,,
731,Neltharion's Lair,6,650,Dungeon,Legion,,,,
732,Violet Hold,4,627,Dungeon,Legion,,,,
733,Darkheart Thicket,6,641,Dungeon,Legion,,,,
734,Hall of the Guardian,4,627,ClassHall,Legion,,,,
735,Hall of the Guardian,4,627,,Legion,734,,,
736,The Beyond,4,114,Skip,,,,,
737,The Vortex Pinnacle,4,249,Skip,,,,,
738,Firelands,6,198,Skip,,,,,
739,Trueshot Lodge,3,650,ClassHall,Legion,,,,
740,Shadowgore Citadel,4,619,Skip,,,,,
741,Shadowgore Citadel,4,619,,,740,,,
742,Abyssal Maw,4,204,Skip,,,,,
743,Abyssal Maw,4,204,,,742,,,
744,Ulduar,4,120,Skip,,,,,
745,Ulduar,4,120,,,744,,,
746,Ulduar,4,120,,,744,,,
747,The Dreamgrove,6,641,,Legion,715,,,
748,Niskara,6,619,Skip,,,,,
749,The Arcway,4,680,Dungeon,Legion,,,,
750,Thunder Totem,6,650,Skip,,,,,
751,Black Rook Hold,4,641,Dungeon,Legion,,,,
752,Black Rook Hold,4,641,,Legion,751,,,
753,Black Rook Hold,4,641,,Legion,751,,,
754,Black Rook Hold,4,641,,Legion,751,,,
755,Black Rook Hold,4,641,,Legion,751,,,
756,Black Rook Hold,4,641,,Legion,751,,,
757,Ursoc's Lair,6,116,Skip,,,,,
758,Gloaming Reef,6,641,Skip,,,,,
759,Black Temple,4,104,Skip,,,,,
760,Malorne's Nightmare,6,198,Skip,,,,,
761,Court of Stars,4,680,Dungeon,Legion,,,,
762,Court of Stars,4,761,,Legion,761,,,
763,Court of Stars,4,761,,Legion,761,,,
764,The Nighthold,4,680,Raid,Legion,,,,
765,The Nighthold,4,680,,Legion,764,,,
766,The Nighthold,4,680,,Legion,764,,,
767,The Nighthold,4,680,,Legion,764,,,
768,The Nighthold,4,680,,Legion,764,,,
769,The Nighthold,4,680,,Legion,764,,,
770,The Nighthold,4,680,,Legion,764,,,
771,The Nighthold,4,680,,Legion,764,,,
772,The Nighthold,4,680,,Legion,764,,,
773,Tol Barad,6,13,Skip,,,,,
774,Tol Barad,4,244,,,773,,,
775,The Exodar,6,12,Skip,,,,,
776,Azuremyst Isle,6,12,,,775,,,
777,The Emerald Nightmare,4,641,Raid,Legion,,,,
778,The Emerald Nightmare,4,641,,Legion,777,,,
779,The Emerald Nightmare,4,641,,Legion,777,,,
780,The Emerald Nightmare,4,641,,Legion,777,,,
781,The Emerald Nightmare,4,641,,Legion,777,,,
782,The Emerald Nightmare,4,12,,Legion,777,,,
783,The Emerald Nightmare,4,13,,Legion,777,,,
784,The Emerald Nightmare,4,13,,Legion,777,,,
785,The Emerald Nightmare,4,12,,Legion,777,,,
786,The Emerald Nightmare,4,641,,Legion,777,,,
787,The Emerald Nightmare,4,641,,Legion,777,,,
788,The Emerald Nightmare,4,641,,Legion,777,,,
789,The Emerald Nightmare,4,641,,Legion,777,,,
790,Eye of Azshara,3,619,Zone,Legion,,,,
791,Temple of the Jade Serpent,4,371,Skip,,,,,
792,Temple of the Jade Serpent,4,371,,,791,,,
793,Black Rook Hold,6,641,Skip,,,,,
794,Karazhan,4,42,Skip,,,,,
795,Karazhan,4,42,,,794,,,
796,Karazhan,4,42,,,794,,,
797,Karazhan,4,42,,,794,,,
798,The Arcway,4,680,Skip,,,,,
799,The Oculus,6,114,Skip,,,,,
800,The Oculus,4,114,,,799,,,
801,The Oculus,4,114,,,799,,,
802,The Oculus,4,114,,,799,,,
803,The Oculus,4,114,,,799,,,
804,Scarlet Monastery,4,18,Skip,,,,,
805,Scarlet Monastery,4,18,,,804,,,
806,Trial of Valor,4,634,Raid,Legion,,,,
807,Trial of Valor,4,806,,Legion,806,,,
808,Trial of Valor,4,806,,Legion,806,,,
809,Karazhan,4,42,Dungeon,Legion,,,,
810,Karazhan,4,42,,Legion,809,,,
811,Karazhan,4,42,,Legion,809,,,
812,Karazhan,4,42,,Legion,809,,,
813,Karazhan,4,42,,Legion,809,,,
814,Karazhan,4,42,,Legion,809,,,
815,Karazhan,4,42,,Legion,809,,,
816,Karazhan,4,42,,Legion,809,,,
817,Karazhan,4,42,,Legion,809,,,
818,Karazhan,4,42,,Legion,809,,,
819,Karazhan,4,42,,Legion,809,,,
820,Karazhan,4,42,,Legion,809,,,
821,Karazhan,4,42,,Legion,809,,,
822,Karazhan,4,42,,Legion,809,,,
823,Pit of Saron,6,118,Skip,,,,,
824,Islands,6,947,Skip,,,,,
825,Wailing Caverns,4,10,Skip,,,,,
826,Cave of the Bloodtotem,4,650,Skip,,,,,
827,Stratholme,4,22,Skip,,,,,
828,The Eye of Eternity,4,114,Skip,,,,,
829,Halls of Valor,4,634,Skip,,,,,
830,Krokuun,3,905,Zone,Legion,,,,
831,The Vindicaar,5,830,,Legion,830,,,
832,The Vindicaar,5,830,,Legion,830,,,
833,Nath'raxas Spire,5,830,,Legion,830,,,
834,Coldridge Valley,6,27,Skip,,,,,
835,The Deadmines,4,52,Skip,,,,,
836,The Deadmines,4,52,,,835,,,
837,Arathi Basin,6,14,Skip,,,,,
838,Battle for Blackrock Mountain,6,36,Skip,,,,,
839,The Maelstrom,4,948,Skip,,,,,
840,Gnomeregan,4,27,Skip,,,,,
841,Gnomeregan,4,27,,,840,,,
842,Gnomeregan,4,27,,,840,,,
843,Shado-Pan Showdown,6,379,Skip,,,,,
844,Arathi Basin,6,14,Skip,,,,,
845,Cathedral of Eternal Night,4,646,Dungeon,Legion,,,,
846,Cathedral of Eternal Night,4,646,,Legion,845,,,
847,Cathedral of Eternal Night,4,646,,Legion,845,,,
848,Cathedral of Eternal Night,4,646,,Legion,845,,,
849,Cathedral of Eternal Night,4,646,,Legion,845,,,
850,Tomb of Sargeras,4,646,Raid,Legion,,,,
851,Tomb of Sargeras,4,646,,Legion,850,,,
852,Tomb of Sargeras,4,646,,Legion,850,,,
853,Tomb of Sargeras,4,646,,Legion,850,,,
854,Tomb of Sargeras,4,646,,Legion,850,,,
855,Tomb of Sargeras,4,646,,Legion,850,,,
856,Tomb of Sargeras,4,646,,Legion,850,,,
857,Throne of the Four Winds,4,249,Skip,,,,,
858,Assault on Broken Shore,6,619,Skip,,,,,
859,Warsong Gulch,6,10,Skip,,,,,
860,The Ruby Sanctum,6,115,Skip,,,,,
861,"Mardum, the Shattered Abyss",6,672,Skip,,,,,
862,Zuldazar,3,875,Zone,BfA,,,,
863,Nazmir,3,875,Zone,BfA,,,,
864,Vol'dun,3,875,Zone,BfA,,,,
865,Stormheim,4,634,Skip,,,,,
866,Stormheim,4,634,,,865,,,
867,Azsuna,4,630,Skip,,,,,
868,Val'sharah,4,641,Skip,,,,,
869,Highmountain,4,650,Skip,,,,,
870,Highmountain,4,650,,,869,,,
871,The Lost Glacier,6,113,Skip,,,,,
872,Stormstout Brewery,4,376,Skip,,,,,
873,Stormstout Brewery,4,376,,,872,,,
874,Stormstout Brewery,4,376,,,872,,,
875,Zandalar,2,947,Continent,BfA,,,,
876,Kul Tiras,2,947,Continent,BfA,,,,
877,Fields of the Eternal Hunt,6,634,Skip,,,,,
879,"Mardum, the Shattered Abyss",4,672,Skip,,,,,
880,"Mardum, the Shattered Abyss",4,672,,,879,,,
881,The Eye of Eternity,4,114,Skip,,,,,
882,Eredath,3,905,,Legion,830,,,
883,The Vindicaar,5,882,,Legion,830,,,
884,The Vindicaar,5,882,,Legion,830,,,
885,Antoran Wastes,3,905,,Legion,830,,,
886,The Vindicaar,5,885,,Legion,830,,,
887,The Vindicaar,5,885,,Legion,830,,,
888,Hall of Communion,4,119,Skip,,,,,
889,Arcatraz,4,109,Skip,,,,,
890,Arcatraz,4,109,,,889,,,
891,Azuremyst Isle,4,12,Skip,,,,,
892,Azuremyst Isle,4,891,,,891,,,
893,Azuremyst Isle,4,891,,,891,,,
894,Azuremyst Isle,4,891,,,891,,,
895,Tiragarde Sound,3,876,Zone,BfA,,,,
896,Drustvar,3,876,Zone,BfA,,,,
897,The Deaths of Chromie,4,113,Scenario,Legion,,,,
898,The Deaths of Chromie,4,897,,Legion,897,,,
899,The Deaths of Chromie,4,897,,Legion,897,,,
900,The Deaths of Chromie,4,897,,Legion,897,,,
901,The Deaths of Chromie,4,897,,Legion,897,,,
902,The Deaths of Chromie,4,897,,Legion,897,,,
903,The Seat of the Triumvirate,6,882,Dungeon,Legion,,,,
904,Silithus Brawl,6,81,Skip,,,,,
905,Argus,2,619,,Legion,830,,,
906,Arathi Highlands,6,13,Skip,,,,,
907,Seething Shore,6,12,Battleground,Legion,,,,
908,Ruins of Lordaeron,6,13,Skip,,,,,
909,"Antorus, the Burning Throne",4,885,Raid,Legion,,,,
910,"Antorus, the Burning Throne",4,909,,Legion,909,,,
911,"Antorus, the Burning Throne",4,909,,Legion,909,,,
912,"Antorus, the Burning Throne",4,909,,Legion,909,,,
913,"Antorus, the Burning Throne",4,909,,Legion,909,,,
914,"Antorus, the Burning Throne",4,909,,Legion,909,,,
915,"Antorus, the Burning Throne",4,909,,Legion,909,,,
916,"Antorus, the Burning Throne",4,909,,Legion,909,,,
917,"Antorus, the Burning Throne",4,909,,Legion,909,,,
918,"Antorus, the Burning Throne",4,909,,Legion,909,,,
919,"Antorus, the Burning Throne",4,909,,Legion,909,,,
920,"Antorus, the Burning Throne",4,909,,Legion,909,,,
921,Invasion Point: Aurinor,6,905,Zone,Legion,,,,
922,Invasion Point: Bonich,6,905,,Legion,921,,,
923,Invasion Point: Cen'gar,6,905,,Legion,921,,,
924,Invasion Point: Naigtal,6,905,,Legion,921,,,
925,Invasion Point: Sangua,6,905,,Legion,921,,,
926,Invasion Point: Val,6,905,,Legion,921,,,
927,Greater Invasion Point: Pit Lord Vilemus,6,905,,Legion,921,,,
928,Greater Invasion Point: Mistress Alluradel,6,905,,Legion,921,,,
929,Greater Invasion Point: Matron Folnuna,6,905,,Legion,921,,,
930,Greater Invasion Point: Inquisitor Meto,6,905,,Legion,921,,,
931,Greater Invasion Point: Sotanathor,6,905,,Legion,921,,,
932,Greater Invasion Point: Occularus,6,905,,Legion,921,,,
933,Forge of Aeons,6,572,Skip,,,,,
934,Atal'Dazar,4,862,Dungeon,BfA,,,,
935,Atal'Dazar,4,862,,BfA,934,,,
936,Freehold,4,895,Dungeon,BfA,,,,
938,Gilneas Island,6,947,Skip,,,,,
939,Tropical Isle 8.0,6,947,Skip,,,,,
940,The Vindicaar,4,830,Skip,,,,,
941,The Vindicaar,4,830,,,940,,,
942,Stormsong Valley,3,876,Zone,BfA,,,,
943,Arathi Highlands,6,13,Skip,,,,,
946,Cosmic,0,0,Continent,Cross,,,,
947,Azeroth,1,946,Continent,Cross,,,,
948,The Maelstrom,2,947,Continent,Cata,,,,
971,Telogrus Rift,6,619,Skip,,,,,
972,Telogrus Rift,6,619,Skip,,,,,
973,The Sunwell,4,335,Skip,,,,,
974,Tol Dagor,6,895,Dungeon,BfA,,,,
975,Tol Dagor,4,895,,BfA,974,,,
976,Tol Dagor,4,895,,BfA,974,,,
977,Tol Dagor,4,895,,BfA,974,,,
978,Tol Dagor,4,895,,BfA,974,,,
979,Tol Dagor,4,895,,BfA,974,,,
980,Tol Dagor,4,895,,BfA,974,,,
981,Un'gol Ruins,6,947,Skip,,,,,
985,Eastern Kingdoms,2,0,Skip,,,,,
986,Kalimdor,2,0,Skip,,,,,
987,Outland,2,0,Skip,,,,,
988,Northrend,2,0,Skip,,,,,
989,Pandaria,2,0,Skip,,,,,
990,Draenor,2,0,Skip,,,,,
991,Zandalar,2,0,Skip,,,,,
992,Kul Tiras,2,0,Skip,,,,,
993,Broken Isles,2,0,TaxiAndAdventure,Legion,,,,
994,Argus,2,0,TaxiAndAdventure,Legion,,,,
997,Tirisfal Glades,3,0,Skip,,,,,
998,Undercity,3,908,,,908,,,
1004,Kings' Rest,4,862,Dungeon,BfA,,,,
1009,Atul'Aman,5,864,Skip,,,,,
1010,The MOTHERLODE!!,3,194,Dungeon,BfA,,,,
1011,Zandalar,2,0,TaxiAndAdventure,BfA,,,,
1012,Stormwind City,6,13,Skip,,,,,
1013,The Stockade,6,13,Skip,,,,,
1014,Kul Tiras,2,0,TaxiAndAdventure,BfA,,,,
1015,Waycrest Manor,4,896,Dungeon,BfA,,,,
1016,Waycrest Manor,4,896,,BfA,1015,,,
1017,Waycrest Manor,4,896,,BfA,1015,,,
1018,Waycrest Manor,4,896,,BfA,1015,,,
1021,Chamber of Heart,4,81,Skip,,,,,
1022,Uncharted Island,3,0,Skip,,,,,
1029,Waycrest Manor,4,896,,BfA,1015,,,
1030,Greymane Manor,5,217,,Cata,217,,,
1031,Greymane Manor,5,179,,Cata,217,,,
1032,Skittering Hollow,3,0,Skip,,,,,
1033,The Rotting Mire,3,0,Skip,,,,,
1034,Verdant Wilds,3,0,Skip,,,,,
1035,Molten Cay,3,0,Skip,,,,,
1036,The Dread Chain,3,0,Skip,,,,,
1037,Whispering Reef,3,0,Skip,,,,,
1038,Temple of Sethraliss,4,864,Dungeon,BfA,,,,
1039,Shrine of the Storm,3,942,Dungeon,BfA,,,,
1040,Shrine of the Storm,4,942,,BfA,1039,,,
1041,The Underrot,3,863,Dungeon,BfA,,,,
1042,The Underrot,4,863,,BfA,1041,,,
1043,Temple of Sethraliss,4,864,,BfA,1038,,,
1044,Arathi Highlands,6,13,Skip,,,,,
1045,"Thros, The Blighted Lands",4,896,Skip,,,,,
1148,Uldir,4,863,Raid,BfA,,,,
1149,Uldir,4,863,,BfA,1148,,,
1150,Uldir,4,863,,BfA,1148,,,
1151,Uldir,4,863,,BfA,1148,,,
1152,Uldir,4,863,,BfA,1148,,,
1153,Uldir,4,863,,BfA,1148,,,
1154,Uldir,4,863,,BfA,1148,,,
1155,Uldir,4,863,,BfA,1148,,,
1156,The Great Sea,6,947,Skip,,,,,
1157,The Great Sea,6,947,Skip,,,,,
1158,Arathi Highlands,3,0,Skip,,,,,
1159,Blackrock Depths,4,32,Skip,,,,,
1160,Blackrock Depths,4,32,Skip,,,,,
1161,Boralus,3,895,City,BfA,,,,
1162,Siege of Boralus,4,895,Dungeon,BfA,,,,
1163,Dazar'alor,5,1165,Skip,,,,,
1164,Dazar'alor,5,1165,City,BfA,,,,
1165,Dazar'alor,3,862,,BfA,1164,,,
1166,Zanchul,4,1165,,BfA,1164,,,
1167,Zanchul,4,1165,,BfA,1164,,,
1169,Tol Dagor,3,876,Skip,,,,,
1170,Gorgrond - Mag'har Scenario,3,0,Skip,,,,,
1171,Gol Thovas,5,895,,BfA,895,,,
1172,Gol Thovas,5,895,,BfA,895,,,
1173,Rastakhan's Might,5,862,,BfA,862,,,
1174,Rastakhan's Might,5,862,,BfA,862,,,
1176,Breath Of Pa'ku,5,862,,BfA,862,,,
1177,Breath Of Pa'ku,4,862,,BfA,862,,,
1179,Abyssal Melody,5,942,,BfA,942,,,
1180,Abyssal Melody,5,942,,BfA,942,,,
1181,Zuldazar,6,875,Skip,,,,,
1182,Saltstone Mine,4,942,,BfA,942,,,
1183,Thornheart,4,942,,BfA,942,,,
1184,Winterchill Mine,5,895,,BfA,895,,,
1185,Winterchill Mine,5,895,,BfA,895,,,
1186,Blackrock Depths,4,32,Skip,,,,,
1187,Azsuna,3,993,TaxiAndAdventure,Legion,,,,
1188,Val'sharah,3,993,TaxiAndAdventure,Legion,,,,
1189,Highmountain,3,993,TaxiAndAdventure,Legion,,,,
1190,Stormheim,3,993,TaxiAndAdventure,Legion,,,,
1191,Suramar,3,993,TaxiAndAdventure,Legion,,,,
1192,Broken Shore,3,993,TaxiAndAdventure,Legion,,,,
1193,Zuldazar,3,1011,TaxiAndAdventure,BfA,,,,
1194,Nazmir,3,1011,TaxiAndAdventure,BfA,,,,
1195,Vol'dun,3,1011,TaxiAndAdventure,BfA,,,,
1196,Tiragarde Sound,3,1014,TaxiAndAdventure,BfA,,,,
1197,Drustvar,3,1014,TaxiAndAdventure,BfA,,,,
1198,Stormsong Valley,3,1014,TaxiAndAdventure,BfA,,,,
1203,Darkshore,6,12,Skip,,,,,
1208,Eastern Kingdoms,2,0,TaxiAndAdventure,Vanilla,,,,
1209,Kalimdor,2,0,TaxiAndAdventure,Vanilla,,,,
1244,Arathi Highlands,3,1208,TaxiAndAdventure,Vanilla,,,,
1245,Badlands,3,1208,TaxiAndAdventure,Vanilla,,,,
1246,Blasted Lands,3,1208,TaxiAndAdventure,Vanilla,,,,
1247,Tirisfal Glades,3,1208,TaxiAndAdventure,Vanilla,,,,
1248,Silverpine Forest,3,1208,TaxiAndAdventure,Vanilla,,,,
1249,Western Plaguelands,3,1208,TaxiAndAdventure,Vanilla,,,,
1250,Eastern Plaguelands,3,1208,TaxiAndAdventure,Vanilla,,,,
1251,Hillsbrad Foothills,3,1208,TaxiAndAdventure,Vanilla,,,,
1252,The Hinterlands,3,1208,TaxiAndAdventure,Vanilla,,,,
1253,Dun Morogh,3,1208,TaxiAndAdventure,Vanilla,,,,
1254,Searing Gorge,3,1208,TaxiAndAdventure,Vanilla,,,,
1255,Burning Steppes,3,1208,TaxiAndAdventure,Vanilla,,,,
1256,Elwynn Forest,3,1208,TaxiAndAdventure,Vanilla,,,,
1257,Deadwind Pass,3,1208,TaxiAndAdventure,Vanilla,,,,
1258,Duskwood,3,1208,TaxiAndAdventure,Vanilla,,,,
1259,Loch Modan,3,1208,TaxiAndAdventure,Vanilla,,,,
1260,Redridge Mountains,3,1208,TaxiAndAdventure,Vanilla,,,,
1261,Swamp of Sorrows,3,1208,TaxiAndAdventure,Vanilla,,,,
1262,Westfall,3,1208,TaxiAndAdventure,Vanilla,,,,
1263,Wetlands,3,1208,TaxiAndAdventure,Vanilla,,,,
1264,Stormwind City,3,1208,TaxiAndAdventure,Vanilla,,,,
1265,Ironforge,3,1208,TaxiAndAdventure,Vanilla,,,,
1266,Undercity,3,1208,TaxiAndAdventure,Vanilla,,,,
1267,Eversong Woods,3,1208,TaxiAndAdventure,TBC,,,,
1268,Ghostlands,3,1208,TaxiAndAdventure,TBC,,,,
1269,Silvermoon City,3,1208,TaxiAndAdventure,TBC,,,,
1270,Isle of Quel'Danas,3,1208,TaxiAndAdventure,TBC,,,,
1271,Gilneas,3,1208,TaxiAndAdventure,Cata,,,,
1272,Vashj'ir,3,1208,TaxiAndAdventure,Cata,,,,
1273,Ruins of Gilneas,3,1208,TaxiAndAdventure,Cata,,,,
1274,Stranglethorn Vale,3,1208,TaxiAndAdventure,Vanilla,,,,
1275,Twilight Highlands,3,1208,TaxiAndAdventure,Cata,,,,
1276,Tol Barad,3,1208,TaxiAndAdventure,Cata,,,,
1277,Tol Barad Peninsula,3,1208,TaxiAndAdventure,Cata,,,,
1305,Durotar,3,1209,TaxiAndAdventure,Vanilla,,,,
1306,Mulgore,3,1209,TaxiAndAdventure,Vanilla,,,,
1307,Northern Barrens,3,1209,TaxiAndAdventure,Vanilla,,,,
1308,Teldrassil,3,1209,TaxiAndAdventure,Vanilla,,,,
1309,Darkshore,3,1209,TaxiAndAdventure,Vanilla,,,,
1310,Ashenvale,3,1209,TaxiAndAdventure,Vanilla,,,,
1311,Thousand Needles,3,1209,TaxiAndAdventure,Vanilla,,,,
1312,Stonetalon Mountains,3,1209,TaxiAndAdventure,Vanilla,,,,
1313,Desolace,3,1209,TaxiAndAdventure,Vanilla,,,,
1314,Feralas,3,1209,TaxiAndAdventure,Vanilla,,,,
1315,Dustwallow Marsh,3,1209,TaxiAndAdventure,Vanilla,,,,
1316,Tanaris,3,1209,TaxiAndAdventure,Vanilla,,,,
1317,Azshara,3,1209,TaxiAndAdventure,Vanilla,,,,
1318,Felwood,3,1209,TaxiAndAdventure,Vanilla,,,,
1319,Un'Goro Crater,3,1209,TaxiAndAdventure,Vanilla,,,,
1320,Moonglade,3,1209,TaxiAndAdventure,Vanilla,,,,
1321,Silithus,3,1209,TaxiAndAdventure,Vanilla,,,,
1322,Winterspring,3,1209,TaxiAndAdventure,Vanilla,,,,
1323,Thunder Bluff,3,1209,TaxiAndAdventure,Vanilla,,,,
1324,Darnassus,3,1209,TaxiAndAdventure,Vanilla,,,,
1325,Azuremyst Isle,3,1209,TaxiAndAdventure,TBC,,,,
1326,The Exodar,3,1209,TaxiAndAdventure,TBC,,,,
1327,Bloodmyst Isle,3,1209,TaxiAndAdventure,TBC,,,,
1328,Mount Hyjal,3,1209,TaxiAndAdventure,Cata,,,,
1329,Southern Barrens,3,1209,TaxiAndAdventure,Vanilla,,,,
1330,Uldum,3,1209,TaxiAndAdventure,Cata,,,,
1331,The Exodar,3,1209,TaxiAndAdventure,TBC,,,,
1332,Darkshore,6,12,Skip,,,,,
1333,Darkshore,6,12,Skip,,,,,
1334,Wintergrasp,6,113,Skip,,,,,
1335,Cooking: Impossible,3,0,Skip,,,,,
1336,Havenswood,3,0,Skip,,,,,
1337,Jorundall,3,0,Skip,,,,,
1338,Darkshore,6,12,Skip,,,,,
1339,Warsong Gulch,3,10,,Vanilla,92,,,
1343,8.1 Darkshore Outdoor Final Phase,6,0,Skip,,,,,
1345,Crucible of Storms,4,942,Raid,BfA,,,,
1346,Crucible of Storms,4,942,,BfA,1345,,,
1347,Zandalari Treasury,3,0,Skip,,,,,
1348,Zandalari Treasury,4,862,Skip,,,,,
1349,Tol Dagor,6,895,Skip,,,,,
1350,Tol Dagor,4,895,,,1349,,,
1351,Tol Dagor,4,895,,,1349,,,
1352,Battle of Dazar'alor,4,862,Raid,BfA,,,,
1353,Battle of Dazar'alor,4,862,,BfA,1352,,,
1354,Battle of Dazar'alor,4,862,,BfA,1352,,,
1355,Nazjatar,3,947,Zone,BfA,,,,
1356,Battle of Dazar'alor,4,862,,BfA,1352,,,
1357,Battle of Dazar'alor,4,862,,BfA,1352,,,
1358,Battle of Dazar'alor,4,862,,BfA,1352,,,
1359,Icecrown Citadel,4,118,Skip,,,,,
1360,Icecrown Citadel,4,118,,,1359,,,
1361,OldIronforge,4,87,,Vanilla,87,,,
1362,Shrine of the Storm,3,0,Skip,,,,,
1363,Crucible of Storms,4,942,Skip,,,,,
1364,Battle of Dazar'alor,4,862,,BfA,1352,,,
1366,Arathi Basin,6,14,,Vanilla,93,,,
1367,Battle of Dazar'alor,4,862,,BfA,1352,,,
1371,GnomereganA,4,27,Skip,,,,,
1372,GnomereganB,4,27,Skip,,,,,
1374,GnomereganD,4,27,Skip,,,,,
1375,Halls of Stone,4,120,Skip,,,,,
1379,8.3 Visions of N'Zoth - Prototype,3,0,Skip,,,,,
1380,GnomereganC,4,27,Skip,,,,,
1381,Uldir,4,863,Skip,,,,,
1382,Uldir,4,863,,,1381,,,
1383,Arathi Basin,6,14,,Vanilla,93,,,
1384,Northrend,2,0,TaxiAndAdventure,WotLK,,,,
1396,Borean Tundra,3,1384,TaxiAndAdventure,WotLK,,,,
1397,Dragonblight,3,1384,TaxiAndAdventure,WotLK,,,,
1398,Grizzly Hills,3,1384,TaxiAndAdventure,WotLK,,,,
1399,Howling Fjord,3,1384,TaxiAndAdventure,WotLK,,,,
1400,Icecrown,3,1384,TaxiAndAdventure,WotLK,,,,
1401,Sholazar Basin,3,1384,TaxiAndAdventure,WotLK,,,,
1402,The Storm Peaks,3,1384,TaxiAndAdventure,WotLK,,,,
1403,Zul'Drak,3,1384,TaxiAndAdventure,WotLK,,,,
1404,Wintergrasp,3,1384,TaxiAndAdventure,WotLK,,,,
1405,Crystalsong Forest,3,1384,TaxiAndAdventure,WotLK,,,,
1406,Hrothgar's Landing,3,1384,TaxiAndAdventure,WotLK,,,,
1407,Prison of Ink,4,896,Skip,,,,,
1408,Ashran,3,0,Skip,,,,,
1409,Exile's Reach,6,0,StartingZone,Cross,,,,
1462,Mechagon Island,3,876,Zone,BfA,,,,
1465,Scarlet Halls,4,18,Skip,,,,,
1467,Outland,2,0,TaxiAndAdventure,TBC,,,,
1468,The Dreamgrove,6,641,Skip,,,,,
1469,Vision of Orgrimmar,6,12,Scenario,BfA,,,,
1470,Vision of Stormwind,6,13,,BfA,1469,,,
1471,Emerald Dreamway,6,747,Skip,,,,,
1472,The Dragon's Spine,6,650,Skip,,,,,
1473,Chamber of Heart,4,81,Zone,BfA,,,,
1474,The Maelstrom - Heart of Azeroth,6,948,Skip,,,,,
1475,The Emerald Dream,6,747,Skip,,,,,
1476,Twilight Highlands,6,13,Skip,,,,,
1478,Ashran,6,572,Skip,,,,,
1479,Baine Rescue,6,556,Skip,,,,,
1490,Mechagon,4,876,Dungeon,BfA,,,,
1491,Mechagon,4,876,,BfA,1490,,,
1493,Mechagon,4,876,,BfA,1490,,,
1494,Mechagon,4,876,,BfA,1490,,,
1497,Mechagon,4,876,,BfA,1490,,,
1499,Zin-Azshari,5,1355,,BfA,1355,,,
1500,,5,1355,,BfA,1355,,,
1501,Crestfall,6,876,Skip,,,,,
1502,Snowblossom Village,6,424,Skip,,,,,
1504,Nazjatar,2,0,TaxiAndAdventure,BfA,,,,
1505,Stratholme,4,23,Skip,,,,,
1512,The Eternal Palace,4,1355,Raid,BfA,,,,
1513,The Eternal Palace,4,1355,,BfA,1512,,,
1514,The Eternal Palace,4,1355,,BfA,1512,,,
1515,The Eternal Palace,4,1355,Skip,,,,,
1516,The Eternal Palace,4,1355,,,1515,,,
1517,The Eternal Palace,4,1355,,,1515,,,
1518,The Eternal Palace,4,1355,,,1515,,,
1519,The Eternal Palace,4,1355,,,1515,,,
1520,The Eternal Palace,4,1355,,,1515,,,
1521,Karazhan Catacombs,6,0,Skip,,,,,
1522,Crumbling Cavern,5,1462,,BfA,1462,,,
1523,Solesa Naksu [DNT],3,0,Skip,,,,,
1524,,5,1355,Skip,,,,,
1525,Revendreth,3,1550,Zone,SL,,,,
1527,Uldum,3,12,Zone,BfA,,,,
1528,Nazjatar,6,947,,BfA,1355,,,
1530,Vale of Eternal Blossoms,3,424,Zone,BfA,,,,
1531,Crapopolis,6,194,Skip,,,,,
1532,Crapopolis,6,194,Skip,,,,,
1533,Bastion,3,1550,Zone,SL,,,,
1534,Orgrimmar,6,12,Skip,,,,,
1535,Durotar,6,12,Skip,,,,,
1536,Maldraxxus,3,1550,Zone,SL,,,,
1537,Alterac Valley,6,25,,Vanilla,91,,,
1538,Blackwing Descent,4,36,Skip,,,,,
1539,Blackwing Descent,4,36,Skip,,,,,
1540,Halls of Origination,4,249,Skip,,,,,
1541,Halls of Origination,4,249,Skip,,,,,
1542,Halls of Origination,4,249,Skip,,,,,
1543,The Maw,3,1550,Zone,SL,,,,
1544,Mogu'shan Palace,4,390,Skip,,,,,
1545,Mogu'shan Palace,4,390,Skip,,,,,
1546,Mogu'shan Palace,4,390,Skip,,,,,
1547,Mogu'shan Vaults,4,390,Skip,,,,,
1548,Mogu'shan Vaults,4,390,Skip,,,,,
1549,Mogu'shan Vaults,4,390,Skip,,,,,
1550,The Shadowlands,2,946,Continent,SL,,,,
1552,Caverns of Time,4,71,Skip,,,,,
1553,Caverns of Time,4,71,Skip,,,,,
1554,Serpentshrine Cavern,4,102,Skip,,,,,
1555,Tempest Keep,4,109,Skip,,,,,
1556,Hyjal Summit,6,198,Skip,,,,,
1557,Naxxramas,4,23,Skip,,,,,
1558,Icecrown Citadel,6,118,Skip,,,,,
1559,The Bastion of Twilight,6,241,Skip,,,,,
1560,Blackwing Lair,6,36,Skip,,,,,
1561,Firelands,6,367,Skip,,,,,
1563,Trial of the Crusader,6,118,Skip,,,,,
1565,Ardenweald,3,1550,Zone,SL,,,,
1569,Bastion,3,1647,TaxiAndAdventure,SL,,,,
1570,Vale of Eternal Blossoms,6,424,,BfA,1530,,,
1571,Uldum,6,12,,BfA,1527,,,
1573,Mechagon City,4,876,Skip,,,,,
1574,Mechagon City,4,876,Skip,,,,,
1576,Deepwind Gorge,6,376,,MoP,519,,,
1577,Gilneas City,3,13,Skip,,,,,
1578,Blackrock Depths,4,32,Skip,,,,,
1579,Pools Of Power,5,1530,Skip,,,,,
1580,Ny'alotha,4,947,Raid,BfA,,,,
1581,Ny'alotha,4,947,,BfA,1580,,,
1582,Ny'alotha,4,947,,BfA,1580,,,
1590,Ny'alotha,4,947,,BfA,1580,,,
1591,Ny'alotha,4,947,,BfA,1580,,,
1592,Ny'alotha,4,947,,BfA,1580,,,
1593,Ny'alotha,4,947,,BfA,1580,,,
1594,Ny'alotha,4,947,,BfA,1580,,,
1595,Ny'alotha,4,947,,BfA,1580,,,
1596,Ny'alotha,4,947,,BfA,1580,,,
1597,Ny'alotha,4,947,,BfA,1580,,,
1600,Vault of Y'Shaarj,5,1530,Skip,,,,,
1602,Icecrown Citadel,4,118,Skip,,,,,
1603,Ardenweald,6,1550,Skip,,,,,
1604,Chamber Of Heart,4,81,Skip,,,,,
1609,Darkmaul Citadel,4,1409,,Cross,1409,,,
1610,Darkmaul Citadel,4,1409,,Cross,1409,,,
1611,Dark Citadel,4,0,Skip,,,,,
1614,JT_New_A,4,0,Skip,,,,,
1615,TG10_Floor [Deprecated],6,1543,Skip,,,,,
1616,TG11_Floor [Deprecated],6,1543,Skip,,,,,
1617,TG12_Floor [Deprecated],6,1543,Skip,,,,,
1618,Torghast,6,1543,Zone,SL,,,,
1619,Torghast,6,1543,,SL,1618,,,
1620,Torghast,6,1543,,SL,1618,,,
1621,Torghast,6,1543,,SL,1618,,,
1623,Torghast,6,1543,,SL,1618,,,
1624,Torghast,6,1543,,SL,1618,,,
1627,Torghast,6,1543,,SL,1618,,,
1628,Torghast,6,1543,,SL,1618,,,
1629,Torghast,6,1543,,SL,1618,,,
1630,Torghast,6,1543,,SL,1618,,,
1631,Torghast,6,1543,,SL,1618,,,
1632,Torghast,6,1543,,SL,1618,,,
1635,Torghast,6,1543,,SL,1618,,,
1636,Torghast,6,1543,,SL,1618,,,
1641,Torghast,6,1543,,SL,1618,,,
1642,Val'sharah,6,619,Skip,,,,,
1643,Ardenweald,3,0,Error,,,,,
1644,Ember Court,6,1525,Scenario,SL,,,,
1645,Torghast,2,0,TaxiAndAdventure,SL,,,,
1647,The Shadowlands,2,0,TaxiAndAdventure,SL,,,,
1648,The Maw,6,1550,Skip,,,,,
1649,Etheric Vault,5,1536,,SL,1536,,,
1650,Sightless Hold,5,1536,,SL,1536,,,
1651,Molten Forge,5,1536,,SL,1536,,,
1652,Vault of Souls,5,1536,,SL,1536,,,
1656,Torghast - Map Floor 10 [Deprecated],6,1550,Skip,,,,,
1658,Alpha_TG_R02,4,0,Skip,,,,,
1659,Alpha_TG_R03,4,1550,Skip,,,,,
1661,Alpha_TG_R05,4,1550,Skip,,,,,
1662,Queen's Conservatory,6,1565,Scenario,SL,,,,
1663,Halls of Atonement,4,1525,Dungeon,SL,,,,
1664,Halls of Atonement,4,1525,,SL,1663,,,
1665,Halls of Atonement,4,1525,,SL,1663,,,
1666,The Necrotic Wake,4,1533,Dungeon,SL,,,,
1667,The Necrotic Wake,4,1533,,SL,1666,,,
1668,The Necrotic Wake,4,1533,,SL,1666,,,
1669,Mists of Tirna Scithe,4,1565,Dungeon,SL,,,,
1670,Oribos,4,1550,City,SL,,,,
1671,Oribos,4,1550,,SL,1670,,,
1672,Oribos,4,1550,,SL,1670,,,
1673,Oribos,4,1550,,SL,1670,,,
1674,Plaguefall,4,1536,Dungeon,SL,,,,
1675,Sanguine Depths,4,1525,Dungeon,SL,,,,
1676,Sanguine Depths,4,1525,,SL,1675,,,
1677,De Other Side,4,1565,Dungeon,SL,,,,
1678,De Other Side,4,1565,,SL,1677,,,
1679,De Other Side,4,1565,,SL,1677,,,
1680,De Other Side,4,1565,,SL,1677,,,
1681,Icecrown Citadel,4,118,,,1359,,,
1682,Icecrown Citadel,4,118,,,1359,,,
1683,Theater of Pain,4,1536,Dungeon,SL,,,,
1684,Theater of Pain,4,1536,,SL,1683,,,
1685,Theater of Pain,4,1536,,SL,1683,,,
1686,Theater of Pain,4,1536,,SL,1683,,,
1687,Theater of Pain,4,1536,,SL,1683,,,
1688,Revendreth,6,1550,Skip,,,,,
1689,Maldraxxus,6,1550,Skip,,,,,
1690,Aspirant's Quarters,5,1533,,SL,1533,,,
1691,Shattered Grove,6,905,Skip,,,,,
1692,Spires Of Ascension,4,1533,Dungeon,SL,,,,
1693,Spires Of Ascension,4,1533,,SL,1692,,,
1694,Spires Of Ascension,4,1533,,SL,1692,,,
1695,Spires Of Ascension,4,1533,,SL,1692,,,
1697,Plaguefall,4,1536,,SL,1674,,,
1698,Seat of the Primus,4,1536,Zone,SL,,,,
1699,Sinfall,4,1525,Zone,SL,,,,
1700,Sinfall,4,1525,,SL,1699,,,
1701,Heart of the Forest,4,1565,Zone,SL,,,,
1702,Heart of the Forest,4,1565,,SL,1701,,,
1703,Heart of the Forest,4,1565,,SL,1701,,,
1705,Torghast - Entrance,6,0,Skip,,,,,
1707,Elysian Hold,4,1533,Zone,SL,,,,
1708,Elysian Hold,4,1533,,SL,1707,,,
1709,Ardenweald,6,1565,Skip,,,,,
1711,Ascension Coliseum,6,1533,Scenario,SL,,,,
1712,Torghast,6,1543,,SL,1618,,,
1713,Path of Wisdom,5,1533,,SL,1533,,,
1714,Third Chamber of Kalliope,5,1533,,SL,1533,,,
1715,Vestibule Of Eternity,6,905,Skip,,,,,
1716,Torghast - Map Floor 22,6,1543,Skip,,,,,
1717,Chill's Reach,6,905,Skip,,,,,
1720,Covenant_Ard_Torghast,4,1543,Skip,,,,,
1721,Torghast,6,1543,,SL,1618,,,
1724,Vortrexxis,4,1536,Skip,,,,,
1726,The North Sea,6,0,Skip,,,,,
1727,The North Sea,6,0,Skip,,,,,
1728,The Runecarver,6,0,Skip,,,,,
1734,Revendreth,6,1550,TaxiAndAdventure,SL,,,,
1735,Castle Nathria,4,1525,Raid,SL,,,,
1736,Torghast,6,1543,,SL,1618,,,
1738,Revendreth,6,1647,TaxiAndAdventure,SL,,,,
1739,Ardenweald,6,1647,TaxiAndAdventure,SL,,,,
1740,Ardenweald,3,1647,TaxiAndAdventure,SL,,,,
1741,Maldraxxus,3,1647,TaxiAndAdventure,SL,,,,
1742,Revendreth,3,1647,TaxiAndAdventure,SL,,,,
1744,Castle Nathria,4,1525,,SL,1735,,,
1745,Castle Nathria,4,1525,,SL,1735,,,
1746,Castle Nathria,4,1525,,SL,1735,,,
1747,Castle Nathria,4,1525,,SL,1735,,,
1748,Castle Nathria,4,1525,,SL,1735,,,
1749,Torghast,6,1543,,SL,1618,,,
1750,Castle Nathria,4,1525,,SL,1735,,,
1751,Torghast,6,1543,,SL,1618,,,
1752,Torghast,6,1543,,SL,1618,,,
1753,Torghast,6,1543,,SL,1618,,,
1754,Torghast,6,1543,,SL,1618,,,
1755,Castle Nathria,6,1525,Skip,,,,,
1756,Torghast,6,1543,,SL,1618,,,
1757,Torghast,6,1543,,SL,1618,,,
1758,Torghast,6,1543,,SL,1618,,,
1759,Torghast,6,1543,,SL,1618,,,
1760,Torghast,6,1543,,SL,1618,,,
1761,Torghast,6,1543,,SL,1618,,,
1762,"Torghast, Tower of the Damned",6,0,Skip,,,,,
1763,Torghast,6,1543,,SL,1618,,,
1764,Torghast,6,1543,,SL,1618,,,
1765,Torghast,6,1543,,SL,1618,,,
1766,Torghast,6,1543,,SL,1618,,,
1767,Torghast,6,1543,,SL,1618,,,
1768,Torghast,6,1543,,SL,1618,,,
1769,Torghast,6,1543,,SL,1618,,,
1770,Torghast,6,1543,,SL,1618,,,
1771,Torghast,6,1543,,SL,1618,,,
1772,Torghast,6,1543,,SL,1618,,,
1773,Torghast,6,1543,,SL,1618,,,
1774,Torghast,6,1543,,SL,1618,,,
1776,Torghast,6,1543,,SL,1618,,,
1777,Torghast,6,1543,,SL,1618,,,
1778,Torghast,6,1543,,SL,1618,,,
1779,Torghast,6,1543,,SL,1618,,,
1780,Torghast,6,1543,,SL,1618,,,
1781,Torghast,6,1543,,SL,1618,,,
1782,Torghast,6,1543,,SL,1618,,,
1783,Torghast,6,1543,,SL,1618,,,
1784,Torghast,6,1543,,SL,1618,,,
1785,Torghast,6,1543,,SL,1618,,,
1786,Torghast,6,1543,,SL,1618,,,
1787,Torghast,6,1543,,SL,1618,,,
1788,Torghast,6,1543,,SL,1618,,,
1789,Torghast,6,1543,,SL,1618,,,
1791,Torghast,6,1543,,SL,1618,,,
1792,Torghast,6,1543,,SL,1618,,,
1793,Torghast,6,1543,,SL,1618,,,
1794,Torghast,6,1543,,SL,1618,,,
1795,Torghast,6,1543,,SL,1618,,,
1796,Torghast,6,1543,,SL,1618,,,
1797,Torghast,6,1543,,SL,1618,,,
1798,Torghast,6,1543,,SL,1618,,,
1799,Torghast,6,1543,,SL,1618,,,
1800,Torghast,6,1543,,SL,1618,,,
1801,Torghast,6,1543,,SL,1618,,,
1802,Torghast,6,1543,,SL,1618,,,
1803,Torghast,6,1543,,SL,1618,,,
1804,Torghast,6,1543,,SL,1618,,,
1805,Torghast,6,1543,,SL,1618,,,
1806,Torghast,6,1543,,SL,1618,,,
1807,Torghast,6,1543,,SL,1618,,,
1808,Torghast,6,1543,,SL,1618,,,
1809,Torghast,6,1543,,SL,1618,,,
1810,Torghast,6,1543,,SL,1618,,,
1811,Torghast,6,1543,,SL,1618,,,
1812,Torghast,6,1543,,SL,1618,,,
1813,Bastion,6,1647,TaxiAndAdventure,SL,,,,
1814,Maldraxxus,6,1647,TaxiAndAdventure,SL,,,,
1816,Claw's Edge,5,1565,,SL,1565,,,
1818,Tirna Vaal,5,1565,,SL,1565,,,
1819,Fungal Terminus,5,1565,,SL,1701,,,
1820,Pit of Anguish,5,1543,,SL,1543,,,
1821,Pit of Anguish,5,1543,,SL,1543,,,
1822,Extractor's Sanatorium,5,1543,,SL,1543,,,
1823,Altar of Domination,5,1543,,SL,1543,,,
1824,Matriarch's Den,5,1565,,SL,1565,,,
1825,The Root Cellar,5,1565,,SL,1565,,,
1826,The Root Cellar,5,1565,,SL,1565,,,
1827,The Root Cellar,5,1565,,SL,1565,,,
1829,,5,1565,,SL,1565,,,
1833,Torghast,6,1543,Skip,,,,,
1834,Torghast - Map Floor 24,6,1543,Skip,,,,,
1835,Torghast - Map Floor 25,6,1543,Skip,,,,,
1836,Torghast - Map Floor 26,6,1543,Skip,,,,,
1837,Torghast - Map Floor 27,6,1543,Skip,,,,,
1838,Torghast - Map Floor 41,6,1543,Skip,,,,,
1839,Torghast - Map Floor 28,6,1543,Skip,,,,,
1840,Torghast - Map Floor 40,6,1543,Skip,,,,,
1841,Torghast - Map Floor 39,6,1543,Skip,,,,,
1842,Torghast - Map Floor 29,6,1543,Skip,,,,,
1843,Torghast - Map Floor 38,6,1543,Skip,,,,,
1844,Torghast - Map Floor 32,6,1543,Skip,,,,,
1845,Torghast - Map Floor 31,6,1543,Skip,,,,,
1846,Torghast - Map Floor 33,6,1543,Skip,,,,,
1847,Torghast - Map Floor 34,6,1543,Skip,,,,,
1848,Torghast - Map Floor 14,6,1543,Skip,,,,,
1849,Torghast - Map Floor 16,6,1543,Skip,,,,,
1850,Torghast - Map Floor 18,6,1543,Skip,,,,,
1851,Torghast - Map Floor 42,6,1543,Skip,,,,,
1852,Torghast - Map Floor 44,6,1543,Skip,,,,,
1853,Torghast - Map Floor 46,6,1543,Skip,,,,,
1854,Torghast - Map Floor 48,6,1543,Skip,,,,,
1855,Torghast - Map Floor 49,6,1543,Skip,,,,,
1856,Torghast - Map Floor 50,6,1543,Skip,,,,,
1857,Torghast - Map Floor 51,6,1543,Skip,,,,,
1858,Torghast - Map Floor 52,6,1543,Skip,,,,,
1859,Torghast - Map Floor 53,6,1543,Skip,,,,,
1860,Torghast - Map Floor 54,6,1543,Skip,,,,,
1861,Torghast - Map Floor 57,6,1543,Skip,,,,,
1862,Torghast - Map Floor 59,6,1543,Skip,,,,,
1863,Torghast - Map Floor 61,6,1543,Skip,,,,,
1864,Torghast - Map Floor 63,6,1543,Skip,,,,,
1865,Torghast - Map Floor 64,6,1543,Skip,,,,,
1867,Torghast - Map Floor 66,6,1543,Skip,,,,,
1868,Torghast - Map Floor 67,6,1543,Skip,,,,,
1869,Torghast - Map Floor 68,6,1543,Skip,,,,,
1870,Torghast - Map Floor 69,6,1543,Skip,,,,,
1871,Torghast - Map Floor 70,6,1543,Skip,,,,,
1872,Torghast - Map Floor 71,6,1543,Skip,,,,,
1873,Torghast - Map Floor 74,6,1543,Skip,,,,,
1874,Torghast - Map Floor 75,6,1543,Skip,,,,,
1875,Torghast - Map Floor 76,6,1543,Skip,,,,,
1876,Torghast - Map Floor 77,6,1543,Skip,,,,,
1877,Torghast - Map Floor 78,6,1543,Skip,,,,,
1878,Torghast - Map Floor 80,6,1543,Skip,,,,,
1879,Torghast - Map Floor 81,6,1543,Skip,,,,,
1880,Torghast - Map Floor 83,6,1543,Skip,,,,,
1881,Torghast - Map Floor 84,6,1543,Skip,,,,,
1882,Torghast - Map Floor 86,6,1543,Skip,,,,,
1883,Torghast - Map Floor 87,6,1543,Skip,,,,,
1884,Torghast - Map Floor 88,6,1543,Skip,,,,,
1885,Torghast - Map Floor 89,6,1543,Skip,,,,,
1886,Torghast - Map Floor 92,6,1543,Skip,,,,,
1887,Torghast - Map Floor 93,6,1543,Skip,,,,,
1888,Torghast - Map Floor 94,6,1543,Skip,,,,,
1889,Torghast - Map Floor 95,6,1543,Skip,,,,,
1890,Torghast - Map Floor 97,6,1543,Skip,,,,,
1891,Torghast - Map Floor 98,6,1543,Skip,,,,,
1892,Torghast - Map Floor 99,6,1543,Skip,,,,,
1893,Torghast - Map Floor 100,6,1543,Skip,,,,,
1894,Torghast - Map Floor 23,6,1543,Skip,,,,,
1895,Torghast - Map Floor 35,6,1543,Skip,,,,,
1896,Torghast - Map Floor 56,6,1543,Skip,,,,,
1897,Torghast - Map Floor 62,6,1543,Skip,,,,,
1898,Torghast - Map Floor 82,6,1543,Skip,,,,,
1899,Torghast - Map Floor 101,6,1543,Skip,,,,,
1900,Torghast - Map Floor 58,6,1543,Skip,,,,,
1901,Torghast - Map Floor 73,6,1543,Skip,,,,,
1902,Torghast - Map Floor 79,6,1543,Skip,,,,,
1903,Torghast - Map Floor 85,6,1543,Skip,,,,,
1904,Torghast - Map Floor 90,6,1543,Skip,,,,,
1905,Torghast - Map Floor 96,6,1543,Skip,,,,,
1907,Torghast - Map Floor 102,6,1543,Skip,,,,,
1908,Torghast - Map Floor 60,6,1543,Skip,,,,,
1909,Torghast - Map Floor 21,6,1543,Skip,,,,,
1910,Torghast - Map Floor 91,6,1543,Skip,,,,,
1911,Torghast - Entrance,6,1543,,SL,1618,,,
1912,The Runecarver's Oubliette,6,1543,Zone,SL,,,,
1913,Torghast,6,1543,,SL,1618,,,
1914,Torghast,6,1543,Skip,,,,,
1917,De Other Side,6,1565,Skip,,,,,
1920,Torghast,6,1543,,SL,1618,,,
1921,Torghast,6,1543,Skip,,,,,
1922,Draenor,2,0,TaxiAndAdventure,WoD,,,,
1923,Pandaria,2,0,TaxiAndAdventure,MoP,,,,
1958,Firelands,4,198,Skip,,,,,
1959,Firelands,4,198,Skip,,,,,
1960,The Maw,3,1550,Skip,,,,,
1961,Korthia,3,1543,Zone,SL,,,,
1962,Torghast,6,1543,,SL,1618,,,
1963,Torghast,6,1543,,SL,1618,,,
1964,Torghast,6,1543,,SL,1618,,,
1965,Torghast,6,1543,,SL,1618,,,
1966,Torghast,6,1543,,SL,1618,,,
1967,Torghast,6,1543,,SL,1618,,,
1968,Torghast,6,1543,,SL,1618,,,
1969,Torghast,6,1543,,SL,1618,,,
1970,Zereth Mortis,3,1550,Zone,SL,,,,
1971,Skyhold,6,619,Skip,,,,,
1974,Torghast,6,1543,,SL,1618,,,
1975,Torghast,6,1543,,SL,1618,,,
1976,Torghast,6,1543,,SL,1618,,,
1977,Torghast,6,1543,,SL,1618,,,
1978,Dragon Isles,2,947,Continent,DF,,,,
1979,Torghast,6,1543,,SL,1618,,,
1980,Torghast,6,1543,,SL,1618,,,
1981,Torghast,6,1543,,SL,1618,,,
1982,Torghast,6,1543,,SL,1618,,,
1983,Torghast,6,1543,,SL,1618,,,
1984,Torghast,6,1543,,SL,1618,,,
1985,Torghast,6,1543,,SL,1618,,,
1986,Torghast,6,1543,,SL,1618,,,
1987,Torghast,6,1543,,SL,1618,,,
1988,Torghast,6,1543,,SL,1618,,,
1989,"Tazavesh, the Veiled Market",4,1550,Dungeon,SL,,,,
1990,"Tazavesh, the Veiled Market",4,1550,,SL,1989,,,
1991,"Tazavesh, the Veiled Market",4,1550,,SL,1989,,,
1992,"Tazavesh, the Veiled Market",4,1550,,SL,1989,,,
1993,"Tazavesh, the Veiled Market",4,1550,,SL,1989,,,
1995,"Tazavesh, the Veiled Market",4,1550,,SL,1989,,,
1996,"Tazavesh, the Veiled Market",4,1550,,SL,1989,,,
1997,"Tazavesh, the Veiled Market",4,1995,,SL,1989,,,
1998,Sanctum of Domination,4,1543,Raid,SL,,,,
1999,Sanctum of Domination,4,1543,,SL,1998,,,
2000,Sanctum of Domination,4,1543,,SL,1998,,,
2001,Sanctum of Domination,4,1543,,SL,1998,,,
2002,Sanctum of Domination,4,1543,,SL,1998,,,
2003,Sanctum of Domination,4,1543,,SL,1998,,,
2004,Sanctum of Domination,4,1543,,SL,1998,,,
2005,Ardenweald,6,1550,Skip,,,,,
2006,Cavern of Contemplation,5,1961,,SL,1961,,,
2007,Gromit Hollow,5,1961,,SL,1961,,,
2008,Chamber of the Sigil,5,1961,,SL,1961,,,
2009,TG106_Floor_MM,6,1543,Skip,,,,,
2010,Torghast,6,1543,Skip,,,,,
2011,Torghast,6,1543,Skip,,,,,
2012,Torghast,6,1543,Skip,,,,,
2016,"Tazavesh, the Veiled Market",6,1550,,SL,1670,,,
2017,Spires of Ascension,6,1533,Skip,,,,,
2018,Spires of Ascension,6,1533,Skip,,,,,
2019,Torghast,6,1543,Skip,,,,,
2022,The Waking Shores,3,1978,Zone,DF,,,,
2023,Ohn'ahran Plains,3,1978,Zone,DF,,,,
2024,The Azure Span,3,1978,Zone,DF,,,,
2025,Thaldraszus,3,1978,Zone,DF,,,,
2026,The Forbidden Reach Deprecated,6,0,Skip,,,,,
2027,Blooming Foundry,5,1970,,SL,1970,,,
2028,Locrian Esper,5,1970,,SL,1970,,,
2029,Gravid Repose,5,1970,,SL,1970,,,
2030,Nexus of Actualization,5,1970,,SL,1970,,,
2031,Crypts of the Eternal,5,1970,,SL,1970,,,
2042,The Crucible,4,1670,Skip,,,,,
2046,Zereth Mortis,2,0,TaxiAndAdventure,SL,,,,
2047,Sepulcher of the First Ones,4,1970,Raid,SL,,,,
2048,Sepulcher of the First Ones,4,1970,,SL,2047,,,
2049,Sepulcher of the First Ones,4,1970,,SL,2047,,,
2050,Sepulcher of the First Ones,4,1970,,SL,2047,,,
2051,Sepulcher of the First Ones,4,1970,,SL,2047,,,
2052,Sepulcher of the First Ones,4,1970,,SL,2047,,,
2055,Sepulcher of the First Ones,2,0,TaxiAndAdventure,SL,,,,
2057,Dragon Isles,2,0,TaxiAndAdventure,DF,,,,
2059,Resonant Peaks,2,2046,TaxiAndAdventure,SL,,,,
2061,Sepulcher of the First Ones,4,1970,,SL,2047,,,
2063,Dragon Isles,3,0,Skip,,,,,
2066,Catalyst Wards,5,1970,,SL,1970,,,
2070,Tirisfal Glades,3,13,Zone,BfA,,,,
2071,Uldaman: Legacy of Tyr,4,15,Dungeon,DF,,,,
2072,Uldaman: Legacy of Tyr,4,15,,DF,2071,,,
2073,The Azure Vault,4,2024,Dungeon,DF,,,,
2074,The Azure Vault,4,2024,,DF,2073,,,
2075,The Azure Vault,4,2024,,DF,2073,,,
2076,The Azure Vault,4,2024,,DF,2073,,,
2077,The Azure Vault,4,2024,,DF,2073,,,
2080,Neltharus,4,2022,Dungeon,DF,,,,
2081,Neltharus,4,2022,,DF,2080,,,
2082,Halls Of Infusion,4,2025,Dungeon,DF,,,,
2083,Halls Of Infusion,4,2025,,DF,2082,,,
2084,The Emerald Dreamway,6,747,Skip,,,,,
2085,The Primalist Future,6,2025,Scenario,DF,,,,
2088,Pandaren Revolution,6,424,Skip,,,,,
2089,The Black Empire,6,947,Skip,,,,,
2090,The Gnoll War,6,13,Skip,,,,,
2091,War of the Shifting Sands,6,12,Skip,,,,,
2092,Azmerloth,6,113,Skip,,,,,
2093,The Nokhud Offensive,4,1978,Dungeon,DF,,,,
2094,Ruby Life Pools,4,2022,Dungeon,DF,,,,
2095,Ruby Life Pools,4,2022,,DF,2094,,,
2096,Brackenhide Hollow,4,2024,Dungeon,DF,,,,
2097,Algeth'ar Academy,4,2025,Dungeon,DF,,,,
2098,Algeth'ar Academy,4,2025,,DF,2097,,,
2099,Algeth'ar Academy,4,2025,,DF,2097,,,
2100,The Siege Creche,5,2151,Zone,DF,,,,
2101,The Support Creche,5,2151,,DF,2100,,,
2102,The War Creche,5,2151,,DF,2100,,,
2106,Brackenhide Hollow,4,2024,,DF,2096,,,
2107,The Forbidden Reach,3,0,Skip,,,,,
2109,The War Creche,5,2118,,DF,2100,,,
2110,The Support Creche,5,2118,,DF,2100,,,
2111,The Siege Creche,5,2118,,DF,2100,,,
2112,Valdrakken,3,2025,City,DF,,,,
2118,The Forbidden Reach,3,1978,StartingZone,DF,,,,
2119,Vault of the Incarnates,4,2025,Raid,DF,,,,
2120,Vault of the Incarnates,4,2025,,DF,2119,,,
2121,Vault of the Incarnates,4,2025,,DF,2119,,,
2122,Vault of the Incarnates,4,2025,,DF,2119,,,
2123,Vault of the Incarnates,4,2025,,DF,2119,,,
2124,Vault of the Incarnates,4,2025,,DF,2119,,,
2125,Vault of the Incarnates,4,2025,,DF,2119,,,
2126,Vault of the Incarnates,4,2025,,DF,2119,,,
2127,The Waking Shores,3,2057,TaxiAndAdventure,DF,,,,
2128,The Azure Span,3,2057,TaxiAndAdventure,DF,,,,
2129,Ohn'ahran Plains,3,2057,TaxiAndAdventure,DF,,,,
2130,Thaldraszus,3,2057,TaxiAndAdventure,DF,,,,
2131,The Forbidden Reach,3,0,TaxiAndAdventure,DF,,,,
2132,The Azure Span,5,2024,,DF,2024,,,
2133,Zaralek Cavern,3,1978,Zone,DF,,,,
2134,Valdrakken,3,2130,TaxiAndAdventure,DF,,,,
2135,Valdrakken,6,1978,Skip,,,,,
2146,The Eastern Glades,6,18,Skip,,,,,
2147,Azeroth,2,0,TaxiAndAdventure,Cross,,,,
2149,Ohn'ahran Plains,2,0,TaxiAndAdventure,DF,,,,
2150,Dragonskull Island,5,2151,,DF,2100,,,
2151,The Forbidden Reach,3,1978,,DF,2100,,,
2154,Froststone Vault,5,2151,,DF,2100,,,
2162,Alterac Valley,6,25,,Vanilla,91,,,
2165,The Throughway,3,2133,,DF,2133,,,
2166,"Aberrus, the Shadowed Crucible",4,2133,Raid,DF,,,,
2167,"Aberrus, the Shadowed Crucible",4,2133,,DF,2166,,,
2168,"Aberrus, the Shadowed Crucible",4,2133,,DF,2166,,,
2169,"Aberrus, the Shadowed Crucible",4,2133,,DF,2166,,,
2170,"Aberrus, the Shadowed Crucible",4,2133,,DF,2166,,,
2171,"Aberrus, the Shadowed Crucible",4,2133,Skip,,,,,
2172,"Aberrus, the Shadowed Crucible",4,2133,,,2171,,,
2173,"Aberrus, the Shadowed Crucible",4,2133,,,2171,,,
2174,"Aberrus, the Shadowed Crucible",4,2133,,,2171,,,
2175,Zaralek Cavern,3,2057,TaxiAndAdventure,DF,,,,
2176,The Maelstrom,6,947,Skip,,,,,
2183,The Azure Vault,6,2024,Skip,,,,,
2184,Zaralek Cavern,5,2133,,DF,2133,,,
2190,Sanctum of Chronology,4,2198,Dungeon,DF,,,,
2191,Millennia's Threshold,4,2198,,DF,2190,,,
2192,Locus of Eternity,4,2198,,DF,2190,,,
2193,Spoke of Endless Winter,4,2198,,DF,2190,,,
2194,Crossroads of Fate,4,2198,,DF,2190,,,
2195,Infinite Conflux,4,2198,,DF,2190,,,
2196,Twisting Approach,4,2198,,DF,2190,,,
2197,Immemorial Battlefield,4,2198,,DF,2190,,,
2198,Dawn of the Infinite,4,2025,,DF,2190,,,
2199,Tyrhold Reservoir,6,2025,,DF,2025,,,
2200,Emerald Dream,3,1978,Zone,DF,,,,
2201,Azq'roth,4,947,,DF,2025,,,
2202,Azewrath,4,946,,DF,2025,,,
2203,Azmourne,4,118,,DF,2025,,,
2204,Azmerloth,4,2092,,DF,2025,,,
2205,Ulderoth,4,905,,DF,2025,,,
2206,A.Z.E.R.O.T.H.,4,1462,,DF,2025,,,
2207,The Warlands,4,947,,DF,2025,,,
2211,"Aberrus, the Shadowed Crucible",6,2133,Skip,,,,,
2213,City of Threads,3,2255,Zone,TWW,,,,
2214,The Ringing Deeps,3,2274,Zone,TWW,,,,
2215,Hallowfall,3,2274,Zone,TWW,,,,
2216,City of Threads - Lower,3,2255,,TWW,2213,,,
2220,The Nighthold,4,680,Skip,,,,,
2221,The Nighthold,4,680,Skip,,,,,
2228,The Black Empire,4,947,Skip,,,,,
2230,Halls Of Valor,4,634,Skip,,,,,
2231,Halls Of Valor,4,634,Skip,,,,,
2232,Amirdrassil,4,2200,Raid,DF,,,,
2233,Amirdrassil,4,2200,,DF,2232,,,
2234,Amirdrassil,4,2200,,DF,2232,,,
2235,The Northern Boughs,4,2234,,DF,2232,,,
2236,The Eastern Boughs,4,2234,,DF,2232,,,
2237,The Southern Boughs,4,2234,,DF,2232,,,
2238,Amirdrassil,4,2200,,DF,2232,,,
2239,Amirdrassil,3,1978,Zone,DF,,,,
2240,Amirdrassil,4,2200,,DF,2232,,,
2241,Emerald Dream,3,0,TaxiAndAdventure,DF,,,,
2244,Amirdrassil,4,2200,,DF,2232,,,
2248,Isle of Dorn,3,2274,Zone,TWW,,,,
2249,Fungal Folly,4,2248,Delve,TWW,,,,
2250,Kriegval's Rest,4,2248,Delve,TWW,,,,
2251,The Waterworks,4,2214,Delve,TWW,,,,
2252,Dragon Isles,2,0,Error,,,,,
2253,Sor'theril Barrow Den,5,2200,,DF,2200,,,
2254,Barrows of Reverie,5,2200,,DF,2200,,,
2255,Azj-Kahet,3,2274,,TWW,2213,,,
2256,Azj-Kahet - Lower,3,2274,,TWW,2213,,,
2257,Arathi Highlands,3,0,Skip,,,,,
2259,Tak-Rethan Abyss,4,2255,Delve,TWW,,,,
2262,Traitor's Rest,6,2024,,DF,2024,,,
2266,Millenia's Threshold,4,2025,Skip,,,,,
2268,Amirdrassil,3,2057,TaxiAndAdventure,DF,,,,
2269,Earthcrawl Mines,4,2248,Delve,TWW,,,,
2270,Azj' Kahet,3,2276,TaxiAndAdventure,TWW,,,,
2271,Isle of Dorn,3,2276,TaxiAndAdventure,TWW,,,,
2272,The Ringing Deeps,3,2276,TaxiAndAdventure,TWW,,,,
2273,Hallowfall,3,2276,TaxiAndAdventure,TWW,,,,
2274,Khaz Algar,2,947,Continent,TWW,,,,
2275,11.0 - Underground [Deprecated],6,0,Error,,,,,
2276,Khaz Algar,2,0,TaxiAndAdventure,TWW,,,,
2277,Nightfall Sanctum,4,2215,Delve,TWW,,,,
2291,Nerub-ar Palace,4,2255,Raid,TWW,,,,
2292,Nerub-ar Palace,4,2255,,TWW,2291,,,
2293,Nerub-ar Palace,4,2255,,TWW,2291,,,
2294,Nerub-ar Palace,4,2255,,TWW,2291,,,
2295,Nerub-ar Palace,4,2255,,TWW,2291,,,
2296,Nerub-ar Palace,4,2255,,TWW,2291,,,
2298,Nerub-ar Palace,3,0,TaxiAndAdventure,TWW,,,,
2299,The Underkeep,4,2255,Delve,TWW,,,,
2300,The Sinkhole,4,2215,Delve,TWW,,,,
2301,The Sinkhole,4,2215,,TWW,2300,,,
2302,The Dread Pit,4,2214,Delve,TWW,,,,
2303,Darkflame Cleft,4,2214,Dungeon,TWW,,,,
2304,DarkFlame Cleft,4,2214,Skip,,,,,
2305,Dalaran,4,947,Skip,,,,,
2306,Dalaran,4,947,,,2305,,,
2307,Dalaran,4,947,,,2305,,,
2308,Priory of the Sacred Flame,4,2215,Dungeon,TWW,,,,
2309,Priory of the Sacred Flame,4,2215,,TWW,2308,,,
2310,Skittering Breach,4,2215,Delve,TWW,,,,
2311,11.0 -  Hallowfall - [Spreading the Light]- Disabled,3,2215,Skip,,,,,
2312,Mycomancer Cavern,4,2215,Delve,TWW,,,,
2313,The Spiral Weave,4,2255,Delve,TWW,,,,
2314,Tak-Rethan Abyss,4,2255,,TWW,2259,,,
2315,The Rookery,4,2248,Dungeon,TWW,,,,
2316,The Rookery,4,2248,,TWW,2315,,,
2317,The Rookery,4,2248,,TWW,2315,,,
2318,The Rookery,4,2248,,TWW,2315,,,
2319,The Rookery,4,2248,,TWW,2315,,,
2320,The Rookery,4,2248,,TWW,2315,,,
2321,Chamber of Heart,4,81,Skip,,,,,
2322,Hall of Awakening,4,2248,Skip,,,,,
2328,The Proscenium,3,2248,,TWW,2248,,,
2330,Priory of the Sacred Flame,6,2215,Skip,,,,,
2335,Cinderbrew Meadery,4,2248,Dungeon,TWW,,,,
2339,Dornogal,3,2248,City,TWW,,,,
2341,The Stonevault,4,2214,Dungeon,TWW,,,,
2343,City of Threads,4,2213,Dungeon,TWW,,,,
2344,City of Threads,4,2213,,TWW,2343,,,
2345,Deephaul Ravine,6,2214,Battleground,TWW,,,,
2346,Undermine,3,2214,Zone,TWW,,2274,,
2347,The Spiral Weave,4,2255,,TWW,2313,,,
2348,Zekvir's Lair,4,2255,Delve,TWW,,,,
2351,Razorwind Shores,3,12,Zone,Cross,,,,
2352,Founder's Point,3,13,,Cross,2351,,,
2354,Silithus,3,12,Skip,,,,,
2357,City of Echoes,4,2255,Dungeon,TWW,,,,
2358,City of Echoes,4,2255,,TWW,2357,,,
2359,The Dawnbreaker,4,2215,Dungeon,TWW,,,,
2362,Blackrock Depths,4,32,Raid,TWW,,,,
2363,Blackrock Depths,4,32,,TWW,2362,,,
2366,The Wandering Isle,3,947,Skip,,,,,
2367,Vault of Memory,4,2248,Skip,,,,,
2368,Hall of Awakening,4,2248,Skip,,,,,
2369,Siren Isle,3,2274,Zone,TWW,,,,
2371,K'aresh,3,2274,Zone,TWW,,,,
2372,Arathi Highlands,3,13,Skip,,,,,
2373,The War Creche,4,2118,Skip,,,,,
2374,Undermine,3,0,TaxiAndAdventure,TWW,,,,
2375,The Forgotten Vault,5,2369,,TWW,2369,,,
2379,"Ny'alotha, the Waking City",4,947,Skip,,,,,
2381,"Ny'alotha, the Waking City",4,947,Skip,,,,,
2382,"Ny'alotha, the Waking City",4,947,Skip,,,,,
2383,"Ny'alotha, the Waking City",4,947,Skip,,,,,
2384,"Ny'alotha, the Waking City",4,947,Skip,,,,,
2387,Operation: Floodgate,4,2214,Dungeon,TWW,,,,
2388,Operation: Floodgate,4,2214,,TWW,2387,,,
2393,Silvermoon City,3,2395,City,Midnight,,,,
2394,Labyrinth,4,12,Skip,,,,,
2395,Eversong Woods,3,2537,Zone,Midnight,,,,
2396,Excavation Site 9,4,2214,Delve,TWW,,,,
2397,Slayer's Rise,3,0,Battleground,Midnight,,,,
2398,K'aresh,3,0,TaxiAndAdventure,TWW,,,,
2401,Alliance Housing District,3,0,TaxiAndAdventure,Cross,,,,
2402,Horde Housing District,3,0,TaxiAndAdventure,Cross,,,,
2403,Vision of Orgrimmar,3,12,,BfA,1469,,,
2404,Vision of Stormwind,3,13,,BfA,1469,,,
2405,Voidstorm,3,2537,Zone,Midnight,,,,
2406,Undermine,4,2214,Raid,TWW,,,,
2407,Undermine,4,2214,,TWW,2406,,,
2408,Undermine,4,2214,,TWW,2406,,,
2409,Undermine,4,2214,,TWW,2406,,,
2411,Undermine,4,2214,,TWW,2406,,,
2413,Harandar,3,2537,Zone,Midnight,,,,
2418,Scarlet Halls,4,18,Skip,,,,,
2420,Sidestreet Sluice,4,2346,Delve,TWW,,,,
2421,Sidestreet Sluice,4,2346,,TWW,2420,,,
2422,Sidestreet Sluice,4,2346,,TWW,2420,,,
2423,Sidestreet Sluice,4,2346,,TWW,2420,,,
2424,Isle of Quel'Danas,3,2537,Zone,Midnight,,,,
2425,Demolition Dome,4,2346,Delve,TWW,,,,
2426,Demolition Dome,4,2346,,TWW,2425,,,
2427,Sporefall,4,2413,Raid,Midnight,,,,
2428,Undermine,4,2214,,TWW,2406,,,
2431,Minimap_RingingDeeps_Coreway,6,2214,Skip,,,,,
2432,Isle of Quel'Danas,3,2537,Skip,,,,,
2433,Murder Row,4,2393,Dungeon,Midnight,,,,
2434,Augurs' Terrace,4,2433,,Midnight,2433,,,
2435,The Illicit Rain,4,2433,,Midnight,2433,,,
2437,Zul'Aman,3,2537,Zone,Midnight,,,,
2438,Scarlet Halls,4,18,Skip,,,,,
2443,Silvermoon City,3,0,Skip,,,,,
2444,Slayer's Rise,3,2405,Zone,Midnight,,,,
2447,Dastardly Dome,3,2346,Scenario,TWW,,,,
2449,Eco-Dome Al'dani,4,2371,Dungeon,TWW,,,,
2451,Arathi Highlands,3,13,Skip,,,,,
2452,Archival Assault,4,2371,Delve,TWW,,,,
2453,Archival Assault,4,2371,,TWW,2452,,,
2454,Archival Assault,4,2371,,TWW,2452,,,
2455,Archival Assault,4,2371,,TWW,2452,,,
2460,Manaforge Omega,4,2371,Raid,TWW,,,,
2461,Manaforge Omega,4,2371,,TWW,2460,,,
2462,Manaforge Omega,4,2371,,TWW,2460,,,
2463,Manaforge Omega,4,2371,,TWW,2460,,,
2464,Manaforge Omega,4,2371,,TWW,2460,,,
2465,Manaforge Omega,4,2371,,TWW,2460,,,
2466,Manaforge Omega,4,2371,,TWW,2460,,,
2467,Manaforge Omega,4,2371,,TWW,2460,,,
2468,Manaforge Omega,4,2371,,TWW,2460,,,
2469,Manaforge Omega,4,2371,,TWW,2460,,,
2470,Manaforge Omega,4,2371,,TWW,2460,,,
2471,Manaforge Omega,4,2371,,TWW,2460,,,
2472,Tazavesh,3,2371,,TWW,2371,,,
2476,Archival Assault,4,2371,,TWW,2452,,,
2477,Voidscar Cavern,5,2371,,TWW,2371,,,
2479,Voidstorm,3,0,TaxiAndAdventure,Midnight,,,,
2480,Harandar,3,0,TaxiAndAdventure,Midnight,,,,
2481,Eastern Kingdoms,2,0,TaxiAndAdventure,Vanilla,,,,
2484,Voidrazor Sanctuary,4,2371,Delve,TWW,,,,
2492,Windrunner Spire,4,2395,Dungeon,Midnight,,,,
2493,Windrunner Spire,4,2395,,Midnight,2492,,,
2494,Windrunner Spire,4,2395,,Midnight,2492,,,
2496,Windrunner Spire,4,2395,,Midnight,2492,,,
2497,Windrunner Spire,4,2395,,Midnight,2492,,,
2498,Windrunner Spire,4,2395,,Midnight,2492,,,
2499,Windrunner Spire,4,2395,,Midnight,2492,,,
2500,The Blinding Vale,4,2413,Dungeon,Midnight,,,,
2501,Maisara Caverns,4,2437,Dungeon,Midnight,,,,
2502,Shadow Enclave,4,2395,Delve,Midnight,,,The Shadow Enclave,
2503,Twilight Crypts,4,2437,Delve,Midnight,,,,
2504,Twilight Crypts,4,2437,,Midnight,2503,,,
2505,Gulf of Memory,4,2413,Delve,Midnight,,,The Gulf of Memory,
2506,Shadowguard Point,4,2405,Delve,Midnight,,,,
2507,Torment's Rise,4,2405,Delve,Midnight,,,,
2509,Vaults of Atal'Utek,3,2512,Zone,Midnight,,,,
2510,The Grudge Pit,3,2413,Delve,Midnight,,,,
2511,Magisters' Terrace,4,2424,Dungeon,Midnight,,,,
2512,The Coiled Isle,3,2537,Zone,Midnight,,,,
2513,Den of Nalorakk,4,2437,Dungeon,Midnight,,,,
2514,Den of Nalorakk,4,2437,,Midnight,2513,,,
2515,Magister's Terrace,4,2424,,Midnight,2511,,,
2516,Magister's Terrace,4,2424,,Midnight,2511,,,
2517,Magister's Terrace,4,2424,,Midnight,2511,,,
2518,Magister's Terrace,4,2424,,Midnight,2511,,,
2519,Magister's Terrace,4,2424,,Midnight,2511,,,
2520,Magister's Terrace,4,2424,,Midnight,2511,,,
2522,Abundant Grotto,5,2413,,Midnight,2413,,,
2523,Abundant Grotto,5,2413,,Midnight,2413,,,
2525,The Darkway,4,2393,Delve,Midnight,,,,
2526,Lair of Predaxas,5,2405,,Midnight,2405,,,
2527,Lair of Predaxas,5,2405,,Midnight,2405,,,
2528,Sunkiller Sanctum,4,2405,Delve,Midnight,,,,
2529,The Voidspire,4,2405,Raid,Midnight,,,,
2530,The Voidspire,4,2405,,Midnight,2529,,,
2531,The Dreamrift,4,2413,Raid,Midnight,,,,
2532,The Dreamrift,4,2413,,Midnight,2531,,,
2533,March on Quel'Danas,4,2537,Raid,Midnight,,,,
2534,March on Quel'Danas,4,2533,,Midnight,2533,,,
2535,Atal'Aman,4,2437,Delve,Midnight,,,,
2536,Atal'Aman,3,2437,,Midnight,2437,,,
2537,Quel'Thalas,2,13,Continent,Midnight,,,,
2540,Sunkiller Sanctum,6,0,TaxiAndAdventure,Midnight,,,,
2541,Arcantina,4,2537,Zone,Cross,,,,
2545,Parhelion Plaza,4,2424,Delve,Midnight,,,,
2547,Collegiate Calamity,4,2393,Delve,Midnight,,,,
2556,Nexus Point Xenas,4,2405,Dungeon,Midnight,,,Nexus-Point Xenas,
2557,Derelict Legion Vessel,4,646,Skip,,,,,
2558,Derelict Legion Vessel,4,646,,,2557,,,
2561,Quel'Thalas,2,2481,TaxiAndAdventure,Midnight,,,,
2564,Den of Nalorakk,4,2437,,Midnight,2513,,,
2565,Isle of Quel'Danas,3,2537,Skip,,,,,
2566,Isle of Quel'Danas,3,2432,Skip,,,,,
2567,Eversong Woods,3,2481,TaxiAndAdventure,Midnight,,,,
2568,Zul'Aman,3,2481,TaxiAndAdventure,Midnight,,,,
2569,Isle of Quel'Danas,3,2481,TaxiAndAdventure,Midnight,,,,
2571,Sunkiller Sanctum,4,2405,,Midnight,2528,,,
2572,Voidscar Arena,4,2405,Dungeon,Midnight,,,,
2573,Voidscar Arena,4,2405,,Midnight,2572,,,
2574,Voidscar Arena,4,2405,,Midnight,2572,,,
2575,Gulf of Memory,4,2413,,Midnight,2505,,,
2576,The Den,5,2413,,Midnight,2413,,,
2577,Collegiate Calamity,4,2393,,Midnight,2547,,,
2578,Collegiate Calamity,4,2393,,Midnight,2547,,,
2579,Wartha'nan Crypts,5,2395,,Midnight,2395,,,
2580,Loaknit Den,5,2437,,Midnight,2437,,,
2581,Voidburrow,5,2405,,Midnight,2405,,,
2582,Voidburrow,5,2405,,Midnight,2405,,,
2583,Wit'Kalar Crypt,5,2437,,Midnight,2437,,,
2584,Revantusk Sedge,5,2437,,Midnight,2437,,,
2585,Zul'Aman,3,2437,Skip,,,,,
2588,Altar of Fangs,4,2509,Dungeon,Midnight,,,,
2589,Altar of Fangs,4,2509,,Midnight,2588,,,
2590,Altar of Fangs,4,2509,,Midnight,2588,,,
2594,Eversong Woods,3,2395,Skip,,,,,
2598,Ritual Site,3,0,Skip,,,,,
2599,Val,3,2405,Zone,Midnight,,,,
2600,Naigtal,3,2405,Zone,Midnight,,,,
2606,The Venomous Abyss,4,2512,Raid,Midnight,,,,
2607,The Venomous Abyss,4,2512,,Midnight,2606,,,
2608,The Venomous Abyss,4,2512,,Midnight,2606,,,
2609,The Venomous Abyss,4,2512,,Midnight,2606,,,
2610,The Venomous Abyss,4,2512,,Midnight,2606,,,
2613,The Underbelly,5,2509,,Midnight,2509,,,
2617,Void Acropolis,4,2599,,Midnight,2599,,,
2618,Void Acropolis,5,2599,,Midnight,2599,,,
2619,Void Acropolis,5,2599,,Midnight,2599,,,
2620,Forgotten Depths,5,2599,,Midnight,2599,,,
2621,Forgotten Depths,5,2599,,Midnight,2599,,,
2622,Val,3,0,TaxiAndAdventure,Midnight,,,,
2623,Naigtal,3,2405,TaxiAndAdventure,Midnight,,,,
2632,The Tidebound Grotto,4,2512,Raid,Midnight,,,,
2633,The Ring of Glory,3,2512,Delve,Midnight,,,,
2634,Venomfall Deeps,4,2512,Delve,Midnight,,,,
2635,Gnarldor Isle,4,2512,Delve,Midnight,,,,
2636,Vault of Restless Bones,4,2509,,Midnight,2509,,,
2637,Ruuk'Jar's Clutch,5,2509,,Midnight,2509,,,
2638,Profaned Mausoleum,5,2509,,Midnight,2509,,,
2639,Crypt of the Denied,5,2512,,Midnight,2512,,,
2640,Infested Tomb,5,2512,,Midnight,2512,,,
2641,Crypt of the Lost Warrior,5,2512,,Midnight,2512,,,
2642,Tomb of the Lost Priest,5,2512,,Midnight,2512,,,
2643,Crypt of the Lost Mason,5,2512,,Midnight,2512,,,
2644,Crypt of the Disgraced,5,2512,,Midnight,2512,,,
2645,Kin's Rest,5,2512,,Midnight,2512,,,
2646,Vilaldoun,5,2600,,Midnight,2600,,,
2649,The Lycaneum,5,2424,,Midnight,2424,,,
2668,The Great Sea,3,0,Error,Midnight,,,,